play_id,index,game_id,game_date,time,quarter_seconds_remaining,half_seconds_remaining,game_seconds_remaining,game_half,quarter_end,qtr,home_team,away_team,posteam,posteam_type,defteam,side_of_field,yardline_100,drive,sp,down,goal_to_go,yrdln,ydstogo,ydsnet,desc,play_type,yards_gained,pass_length,air_yards,yards_after_catch,field_goal_result,kick_distance,extra_point_result,two_point_conv_result,td_team,total_home_score,total_away_score,posteam_score,defteam_score,sack,touchdown,pass_touchdown,rush_touchdown,return_touchdown,extra_point_attempt,two_point_attempt,field_goal_attempt,fumble,complete_pass,Start_Time,diff,Estimated_Time,Estimated_Hour,Air Pressure (hPa),City,Dewpoint (°C),Field,Humidity (%),Precipitation (mm),Roof,Team Abbreviation,Temperature (°C),Time (EST),Time (GMT),Wind Direction (deg),Wind Speed (km/h),game_name,end_of_drive,end_of_game,ARI,ATL,BAL,BUF,CAR,CHI,CIN,CLE,DAL,DEN,DET,GB,HOU,IND,JAX,KC,LA,LAC,MIA,MIN,NE,NO,NYG,NYJ,OAK,PHI,PIT,SEA,SF,TB,TEN,WAS,year,week,cum_yds
44,363183,2017091003,2017-09-10 00:00:00,15:00,900.0,1800.0,3600.0,Half1,0,1,CLE,PIT,CLE,home,PIT,PIT,35.0,1,0,,0.0,PIT 35,0,0,"C.Boswell kicks 65 yards from PIT 35 to end zone, Touchback.",kickoff,0.0,,,,,,,,,0,0,,,0.0,0.0,0.0,0.0,0.0,0.0,0.0,0.0,0.0,0.0,2017-09-10 13:00:00,0 days 00:00:00.000000000,2017-09-10 13:00:00,2017-09-10 13:00:00,1032.1,Cleveland,7.7,Kentucky bluegrass,45.0,0.0,Open,CLE,20.0,2017-09-10 13:00:00,2017-09-10 17:00:00,60.0,9.4,PIT @ CLE 2017-09-10,0,0,0,0,0,0,0,0,0,H,0,0,0,0,0,0,0,0,0,0,0,0,0,0,0,0,0,0,A,0,0,0,0,0,2017,1.0,0
59,363184,2017091003,2017-09-10 00:00:00,15:00,900.0,1800.0,3600.0,Half1,0,1,CLE,PIT,CLE,home,PIT,CLE,75.0,1,0,1.0,0.0,CLE 25,10,1,(15:00) (Shotgun) D.Kizer scrambles right end to CLE 26 for 1 yard (A.Chickillo).,run,1.0,,,,,,,,,0,0,0.0,0.0,0.0,0.0,0.0,0.0,0.0,0.0,0.0,0.0,0.0,0.0,2017-09-10 13:00:00,0 days 00:00:00.000000000,2017-09-10 13:00:00,2017-09-10 13:00:00,1032.1,Cleveland,7.7,Kentucky bluegrass,45.0,0.0,Open,CLE,20.0,2017-09-10 13:00:00,2017-09-10 17:00:00,60.0,9.4,PIT @ CLE 2017-09-10,0,0,0,0,0,0,0,0,0,H,0,0,0,0,0,0,0,0,0,0,0,0,0,0,0,0,0,0,A,0,0,0,0,0,2017,1.0,1
80,363185,2017091003,2017-09-10 00:00:00,14:24,864.0,1764.0,3564.0,Half1,0,1,CLE,PIT,CLE,home,PIT,CLE,74.0,1,0,2.0,0.0,CLE 26,9,-8,(14:24) (Shotgun) I.Crowell right tackle ran ob at CLE 17 for -9 yards (S.Tuitt).,run,-9.0,,,,,,,,,0,0,0.0,0.0,0.0,0.0,0.0,0.0,0.0,0.0,0.0,0.0,0.0,0.0,2017-09-10 13:00:00,0 days 00:01:48.000000000,2017-09-10 13:01:48,2017-09-10 13:00:00,1032.1,Cleveland,7.7,Kentucky bluegrass,45.0,0.0,Open,CLE,20.0,2017-09-10 13:00:00,2017-09-10 17:00:00,60.0,9.4,PIT @ CLE 2017-09-10,0,0,0,0,0,0,0,0,0,H,0,0,0,0,0,0,0,0,0,0,0,0,0,0,0,0,0,0,A,0,0,0,0,0,2017,1.0,-7
106,363186,2017091003,2017-09-10 00:00:00,13:51,831.0,1731.0,3531.0,Half1,0,1,CLE,PIT,CLE,home,PIT,CLE,83.0,1,0,3.0,0.0,CLE 17,18,-9,"(13:51) (Shotgun) PENALTY on CLE-J.Thomas, False Start, 5 yards, enforced at CLE 17 - No Play.",no_play,0.0,,,,,,,,,0,0,0.0,0.0,0.0,0.0,0.0,0.0,0.0,0.0,0.0,0.0,0.0,0.0,2017-09-10 13:00:00,0 days 00:03:27.000000000,2017-09-10 13:03:27,2017-09-10 13:00:00,1032.1,Cleveland,7.7,Kentucky bluegrass,45.0,0.0,Open,CLE,20.0,2017-09-10 13:00:00,2017-09-10 17:00:00,60.0,9.4,PIT @ CLE 2017-09-10,0,0,0,0,0,0,0,0,0,H,0,0,0,0,0,0,0,0,0,0,0,0,0,0,0,0,0,0,A,0,0,0,0,0,2017,1.0,-16
129,363187,2017091003,2017-09-10 00:00:00,13:35,815.0,1715.0,3515.0,Half1,0,1,CLE,PIT,CLE,home,PIT,CLE,88.0,1,0,3.0,0.0,CLE 12,23,-9,(13:35) (Shotgun) I.Crowell right guard to CLE 16 for 4 yards (W.Gay; L.Walton).,run,4.0,,,,,,,,,0,0,0.0,0.0,0.0,0.0,0.0,0.0,0.0,0.0,0.0,0.0,0.0,0.0,2017-09-10 13:00:00,0 days 00:04:15.000000000,2017-09-10 13:04:15,2017-09-10 13:00:00,1032.1,Cleveland,7.7,Kentucky bluegrass,45.0,0.0,Open,CLE,20.0,2017-09-10 13:00:00,2017-09-10 17:00:00,60.0,9.4,PIT @ CLE 2017-09-10,0,0,0,0,0,0,0,0,0,H,0,0,0,0,0,0,0,0,0,0,0,0,0,0,0,0,0,0,A,0,0,0,0,0,2017,1.0,-25
150,363188,2017091003,2017-09-10 00:00:00,12:44,764.0,1664.0,3464.0,Half1,0,1,CLE,PIT,CLE,home,PIT,CLE,84.0,1,1,4.0,0.0,CLE 16,19,-9,"(12:44) B.Colquitt punt is BLOCKED by T.Matakevich, Center-C.Hughlett, RECOVERED by PIT-A.Chickillo at CLE -8. TOUCHDOWN.",punt,0.0,,,,,,,,PIT,0,6,0.0,0.0,0.0,1.0,0.0,0.0,0.0,0.0,0.0,0.0,0.0,0.0,2017-09-10 13:00:00,0 days 00:06:48.000000000,2017-09-10 13:06:48,2017-09-10 13:00:00,1032.1,Cleveland,7.7,Kentucky bluegrass,45.0,0.0,Open,CLE,20.0,2017-09-10 13:00:00,2017-09-10 17:00:00,60.0,9.4,PIT @ CLE 2017-09-10,1,0,0,0,0,0,0,0,0,H,0,0,0,0,0,0,0,0,0,0,0,0,0,0,0,0,0,0,A,0,0,0,0,0,2017,1.0,-34
189,363189,2017091003,2017-09-10 00:00:00,12:44,764.0,1664.0,3464.0,Half1,0,1,CLE,PIT,CLE,home,PIT,PIT,35.0,2,0,,0.0,PIT 35,0,0,"C.Boswell kicks 65 yards from PIT 35 to end zone, Touchback.",kickoff,0.0,,,,,,,,,0,6,0.0,6.0,0.0,0.0,0.0,0.0,0.0,0.0,0.0,0.0,0.0,0.0,2017-09-10 13:00:00,0 days 00:06:48.000000000,2017-09-10 13:06:48,2017-09-10 13:00:00,1032.1,Cleveland,7.7,Kentucky bluegrass,45.0,0.0,Open,CLE,20.0,2017-09-10 13:00:00,2017-09-10 17:00:00,60.0,9.4,PIT @ CLE 2017-09-10,0,0,0,0,0,0,0,0,0,H,0,0,0,0,0,0,0,0,0,0,0,0,0,0,0,0,0,0,A,0,0,0,0,0,2017,1.0,-34
204,363190,2017091003,2017-09-10 00:00:00,12:44,764.0,1664.0,3464.0,Half1,0,1,CLE,PIT,CLE,home,PIT,CLE,75.0,2,0,1.0,0.0,CLE 25,10,5,(12:44) I.Crowell right guard to CLE 30 for 5 yards (V.Williams).,run,5.0,,,,,,,,,0,6,0.0,6.0,0.0,0.0,0.0,0.0,0.0,0.0,0.0,0.0,0.0,0.0,2017-09-10 13:00:00,0 days 00:06:48.000000000,2017-09-10 13:06:48,2017-09-10 13:00:00,1032.1,Cleveland,7.7,Kentucky bluegrass,45.0,0.0,Open,CLE,20.0,2017-09-10 13:00:00,2017-09-10 17:00:00,60.0,9.4,PIT @ CLE 2017-09-10,0,0,0,0,0,0,0,0,0,H,0,0,0,0,0,0,0,0,0,0,0,0,0,0,0,0,0,0,A,0,0,0,0,0,2017,1.0,-29
225,363191,2017091003,2017-09-10 00:00:00,12:08,728.0,1628.0,3428.0,Half1,0,1,CLE,PIT,CLE,home,PIT,CLE,70.0,2,0,2.0,0.0,CLE 30,5,-2,"(12:08) (Shotgun) I.Crowell right end to CLE 35 for 5 yards (J.Hargrave). PENALTY on CLE-D.Njoku, Offensive Holding, 10 yards, enforced at CLE 33.",run,3.0,,,,,,,,,0,6,0.0,6.0,0.0,0.0,0.0,0.0,0.0,0.0,0.0,0.0,0.0,0.0,2017-09-10 13:00:00,0 days 00:08:36.000000000,2017-09-10 13:08:36,2017-09-10 13:00:00,1032.1,Cleveland,7.7,Kentucky bluegrass,45.0,0.0,Open,CLE,20.0,2017-09-10 13:00:00,2017-09-10 17:00:00,60.0,9.4,PIT @ CLE 2017-09-10,0,0,0,0,0,0,0,0,0,H,0,0,0,0,0,0,0,0,0,0,0,0,0,0,0,0,0,0,A,0,0,0,0,0,2017,1.0,-31
257,363192,2017091003,2017-09-10 00:00:00,11:40,700.0,1600.0,3400.0,Half1,0,1,CLE,PIT,CLE,home,PIT,CLE,77.0,2,0,2.0,0.0,CLE 23,12,5,(11:40) (Shotgun) I.Crowell left guard to CLE 24 for 1 yard (T.Alualu).,run,1.0,,,,,,,,,0,6,0.0,6.0,0.0,0.0,0.0,0.0,0.0,0.0,0.0,0.0,0.0,0.0,2017-09-10 13:00:00,0 days 00:10:00.000000000,2017-09-10 13:10:00,2017-09-10 13:00:00,1032.1,Cleveland,7.7,Kentucky bluegrass,45.0,0.0,Open,CLE,20.0,2017-09-10 13:00:00,2017-09-10 17:00:00,60.0,9.4,PIT @ CLE 2017-09-10,0,0,0,0,0,0,0,0,0,H,0,0,0,0,0,0,0,0,0,0,0,0,0,0,0,0,0,0,A,0,0,0,0,0,2017,1.0,-26
278,363193,2017091003,2017-09-10 00:00:00,11:03,663.0,1563.0,3363.0,Half1,0,1,CLE,PIT,CLE,home,PIT,CLE,76.0,2,0,3.0,0.0,CLE 24,11,12,(11:03) (Shotgun) D.Kizer pass short right to D.Njoku to CLE 37 for 13 yards (W.Gay).,pass,13.0,short,12.0,1.0,,,,,,0,6,0.0,6.0,0.0,0.0,0.0,0.0,0.0,0.0,0.0,0.0,0.0,1.0,2017-09-10 13:00:00,0 days 00:11:51.000000000,2017-09-10 13:11:51,2017-09-10 13:00:00,1032.1,Cleveland,7.7,Kentucky bluegrass,45.0,0.0,Open,CLE,20.0,2017-09-10 13:00:00,2017-09-10 17:00:00,60.0,9.4,PIT @ CLE 2017-09-10,0,0,0,0,0,0,0,0,0,H,0,0,0,0,0,0,0,0,0,0,0,0,0,0,0,0,0,0,A,0,0,0,0,0,2017,1.0,-14
302,363194,2017091003,2017-09-10 00:00:00,10:18,618.0,1518.0,3318.0,Half1,0,1,CLE,PIT,CLE,home,PIT,CLE,63.0,2,0,1.0,0.0,CLE 37,10,5,(10:18) (Shotgun) D.Kizer sacked at CLE 30 for -7 yards (A.Chickillo).,pass,-7.0,,,,,,,,,0,6,0.0,6.0,1.0,0.0,0.0,0.0,0.0,0.0,0.0,0.0,0.0,0.0,2017-09-10 13:00:00,0 days 00:14:06.000000000,2017-09-10 13:14:06,2017-09-10 13:00:00,1032.1,Cleveland,7.7,Kentucky bluegrass,45.0,0.0,Open,CLE,20.0,2017-09-10 13:00:00,2017-09-10 17:00:00,60.0,9.4,PIT @ CLE 2017-09-10,0,0,0,0,0,0,0,0,0,H,0,0,0,0,0,0,0,0,0,0,0,0,0,0,0,0,0,0,A,0,0,0,0,0,2017,1.0,-9
321,363195,2017091003,2017-09-10 00:00:00,09:32,572.0,1472.0,3272.0,Half1,0,1,CLE,PIT,CLE,home,PIT,CLE,70.0,2,0,2.0,0.0,CLE 30,17,6,(9:32) (Shotgun) D.Kizer pass short left to M.Dayes to CLE 31 for 1 yard (A.Burns).,pass,1.0,short,-3.0,4.0,,,,,,0,6,0.0,6.0,0.0,0.0,0.0,0.0,0.0,0.0,0.0,0.0,0.0,1.0,2017-09-10 13:00:00,0 days 00:16:24.000000000,2017-09-10 13:16:24,2017-09-10 13:00:00,1032.1,Cleveland,7.7,Kentucky bluegrass,45.0,0.0,Open,CLE,20.0,2017-09-10 13:00:00,2017-09-10 17:00:00,60.0,9.4,PIT @ CLE 2017-09-10,0,0,0,0,0,0,0,0,0,H,0,0,0,0,0,0,0,0,0,0,0,0,0,0,0,0,0,0,A,0,0,0,0,0,2017,1.0,-3
345,363196,2017091003,2017-09-10 00:00:00,08:52,532.0,1432.0,3232.0,Half1,0,1,CLE,PIT,CLE,home,PIT,CLE,69.0,2,0,3.0,0.0,CLE 31,16,2,(8:52) (Shotgun) D.Kizer sacked at CLE 27 for -4 yards (C.Heyward).,pass,-4.0,,,,,,,,,0,6,0.0,6.0,1.0,0.0,0.0,0.0,0.0,0.0,0.0,0.0,0.0,0.0,2017-09-10 13:00:00,0 days 00:18:24.000000000,2017-09-10 13:18:24,2017-09-10 13:00:00,1032.1,Cleveland,7.7,Kentucky bluegrass,45.0,0.0,Open,CLE,20.0,2017-09-10 13:00:00,2017-09-10 17:00:00,60.0,9.4,PIT @ CLE 2017-09-10,0,0,0,0,0,0,0,0,0,H,0,0,0,0,0,0,0,0,0,0,0,0,0,0,0,0,0,0,A,0,0,0,0,0,2017,1.0,-1
364,363197,2017091003,2017-09-10 00:00:00,08:09,489.0,1389.0,3189.0,Half1,0,1,CLE,PIT,CLE,home,PIT,CLE,73.0,2,0,4.0,0.0,CLE 27,20,2,"(8:09) B.Colquitt punts 58 yards to PIT 15, Center-C.Hughlett. E.Rogers to PIT 26 for 11 yards (B.Bello).",punt,0.0,,,,,58.0,,,,0,6,0.0,6.0,0.0,0.0,0.0,0.0,0.0,0.0,0.0,0.0,0.0,0.0,2017-09-10 13:00:00,0 days 00:20:33.000000000,2017-09-10 13:20:33,2017-09-10 13:00:00,1032.1,Cleveland,7.7,Kentucky bluegrass,45.0,0.0,Open,CLE,20.0,2017-09-10 13:00:00,2017-09-10 17:00:00,60.0,9.4,PIT @ CLE 2017-09-10,1,0,0,0,0,0,0,0,0,H,0,0,0,0,0,0,0,0,0,0,0,0,0,0,0,0,0,0,A,0,0,0,0,0,2017,1.0,1
389,363198,2017091003,2017-09-10 00:00:00,07:59,479.0,1379.0,3179.0,Half1,0,1,CLE,PIT,PIT,away,CLE,PIT,74.0,3,0,1.0,0.0,PIT 26,10,-5,"(7:59) (Shotgun) B.Roethlisberger pass short right to E.Rogers to PIT 33 for 7 yards (T.Coley). PENALTY on PIT-J.Smith-Schuster, Offensive Holding, 10 yards, enforced at PIT 28.",pass,2.0,short,0.0,2.0,,,,,,0,6,6.0,0.0,0.0,0.0,0.0,0.0,0.0,0.0,0.0,0.0,0.0,1.0,2017-09-10 13:00:00,0 days 00:21:03.000000000,2017-09-10 13:21:03,2017-09-10 13:00:00,1032.1,Cleveland,7.7,Kentucky bluegrass,45.0,0.0,Open,CLE,20.0,2017-09-10 13:00:00,2017-09-10 17:00:00,60.0,9.4,PIT @ CLE 2017-09-10,0,0,0,0,0,0,0,0,0,H,0,0,0,0,0,0,0,0,0,0,0,0,0,0,0,0,0,0,A,0,0,0,0,0,2017,1.0,-4
424,363199,2017091003,2017-09-10 00:00:00,07:36,456.0,1356.0,3156.0,Half1,0,1,CLE,PIT,PIT,away,CLE,PIT,82.0,3,0,1.0,0.0,PIT 18,18,-15,(7:36) (Shotgun) B.Roethlisberger pass short right to A.Brown to PIT 21 for 3 yards (J.Taylor).,pass,3.0,short,2.0,1.0,,,,,,0,6,6.0,0.0,0.0,0.0,0.0,0.0,0.0,0.0,0.0,0.0,0.0,1.0,2017-09-10 13:00:00,0 days 00:22:12.000000000,2017-09-10 13:22:12,2017-09-10 13:00:00,1032.1,Cleveland,7.7,Kentucky bluegrass,45.0,0.0,Open,CLE,20.0,2017-09-10 13:00:00,2017-09-10 17:00:00,60.0,9.4,PIT @ CLE 2017-09-10,0,0,0,0,0,0,0,0,0,H,0,0,0,0,0,0,0,0,0,0,0,0,0,0,0,0,0,0,A,0,0,0,0,0,2017,1.0,-19
448,363200,2017091003,2017-09-10 00:00:00,06:57,417.0,1317.0,3117.0,Half1,0,1,CLE,PIT,PIT,away,CLE,PIT,79.0,3,0,2.0,0.0,PIT 21,15,-15,"(6:57) (Shotgun) B.Roethlisberger pass short left to M.Bryant to PIT 23 for 2 yards (J.McCourty). PENALTY on PIT-V.McDonald, Offensive Holding, 10 yards, enforced at PIT 21 - No Play.",no_play,0.0,,,,,,,,,0,6,6.0,0.0,0.0,0.0,0.0,0.0,0.0,0.0,0.0,0.0,0.0,0.0,2017-09-10 13:00:00,0 days 00:24:09.000000000,2017-09-10 13:24:09,2017-09-10 13:00:00,1032.1,Cleveland,7.7,Kentucky bluegrass,45.0,0.0,Open,CLE,20.0,2017-09-10 13:00:00,2017-09-10 17:00:00,60.0,9.4,PIT @ CLE 2017-09-10,0,0,0,0,0,0,0,0,0,H,0,0,0,0,0,0,0,0,0,0,0,0,0,0,0,0,0,0,A,0,0,0,0,0,2017,1.0,-34
484,363201,2017091003,2017-09-10 00:00:00,06:32,392.0,1292.0,3092.0,Half1,0,1,CLE,PIT,PIT,away,CLE,PIT,89.0,3,0,2.0,0.0,PIT 11,25,-15,(6:32) (Shotgun) B.Roethlisberger pass incomplete short right to M.Bryant.,pass,0.0,short,-2.0,,,,,,,0,6,6.0,0.0,0.0,0.0,0.0,0.0,0.0,0.0,0.0,0.0,0.0,0.0,2017-09-10 13:00:00,0 days 00:25:24.000000000,2017-09-10 13:25:24,2017-09-10 13:00:00,1032.1,Cleveland,7.7,Kentucky bluegrass,45.0,0.0,Open,CLE,20.0,2017-09-10 13:00:00,2017-09-10 17:00:00,60.0,9.4,PIT @ CLE 2017-09-10,0,0,0,0,0,0,0,0,0,H,0,0,0,0,0,0,0,0,0,0,0,0,0,0,0,0,0,0,A,0,0,0,0,0,2017,1.0,-49
513,363202,2017091003,2017-09-10 00:00:00,06:29,389.0,1289.0,3089.0,Half1,0,1,CLE,PIT,PIT,away,CLE,PIT,89.0,3,0,3.0,0.0,PIT 11,25,-6,(6:29) (Shotgun) B.Roethlisberger pass short middle to A.Brown to PIT 20 for 9 yards (D.Kindred).,pass,9.0,short,-1.0,10.0,,,,,,0,6,6.0,0.0,0.0,0.0,0.0,0.0,0.0,0.0,0.0,0.0,0.0,1.0,2017-09-10 13:00:00,0 days 00:25:33.000000000,2017-09-10 13:25:33,2017-09-10 13:00:00,1032.1,Cleveland,7.7,Kentucky bluegrass,45.0,0.0,Open,CLE,20.0,2017-09-10 13:00:00,2017-09-10 17:00:00,60.0,9.4,PIT @ CLE 2017-09-10,0,0,0,0,0,0,0,0,0,H,0,0,0,0,0,0,0,0,0,0,0,0,0,0,0,0,0,0,A,0,0,0,0,0,2017,1.0,-55
537,363203,2017091003,2017-09-10 00:00:00,05:53,353.0,1253.0,3053.0,Half1,0,1,CLE,PIT,PIT,away,CLE,PIT,80.0,3,0,4.0,0.0,PIT 20,16,-6,"(5:53) J.Berry punts 48 yards to CLE 32, Center-K.Canaday, out of bounds.",punt,0.0,,,,,48.0,,,,0,6,6.0,0.0,0.0,0.0,0.0,0.0,0.0,0.0,0.0,0.0,0.0,0.0,2017-09-10 13:00:00,0 days 00:27:21.000000000,2017-09-10 13:27:21,2017-09-10 13:00:00,1032.1,Cleveland,7.7,Kentucky bluegrass,45.0,0.0,Open,CLE,20.0,2017-09-10 13:00:00,2017-09-10 17:00:00,60.0,9.4,PIT @ CLE 2017-09-10,1,0,0,0,0,0,0,0,0,H,0,0,0,0,0,0,0,0,0,0,0,0,0,0,0,0,0,0,A,0,0,0,0,0,2017,1.0,-61
555,363204,2017091003,2017-09-10 00:00:00,05:48,348.0,1248.0,3048.0,Half1,0,1,CLE,PIT,CLE,home,PIT,CLE,68.0,4,0,1.0,0.0,CLE 32,10,2,(5:48) (Shotgun) I.Crowell left tackle to CLE 34 for 2 yards (C.Heyward; T.Alualu).,run,2.0,,,,,,,,,0,6,0.0,6.0,0.0,0.0,0.0,0.0,0.0,0.0,0.0,0.0,0.0,0.0,2017-09-10 13:00:00,0 days 00:27:36.000000000,2017-09-10 13:27:36,2017-09-10 13:00:00,1032.1,Cleveland,7.7,Kentucky bluegrass,45.0,0.0,Open,CLE,20.0,2017-09-10 13:00:00,2017-09-10 17:00:00,60.0,9.4,PIT @ CLE 2017-09-10,0,0,0,0,0,0,0,0,0,H,0,0,0,0,0,0,0,0,0,0,0,0,0,0,0,0,0,0,A,0,0,0,0,0,2017,1.0,-59
580,363205,2017091003,2017-09-10 00:00:00,05:25,325.0,1225.0,3025.0,Half1,0,1,CLE,PIT,CLE,home,PIT,CLE,66.0,4,0,2.0,0.0,CLE 34,8,2,"(5:25) (No Huddle, Shotgun) D.Kizer pass incomplete deep right to D.Johnson.",pass,0.0,deep,25.0,,,,,,,0,6,0.0,6.0,0.0,0.0,0.0,0.0,0.0,0.0,0.0,0.0,0.0,0.0,2017-09-10 13:00:00,0 days 00:28:45.000000000,2017-09-10 13:28:45,2017-09-10 13:00:00,1032.1,Cleveland,7.7,Kentucky bluegrass,45.0,0.0,Open,CLE,20.0,2017-09-10 13:00:00,2017-09-10 17:00:00,60.0,9.4,PIT @ CLE 2017-09-10,0,0,0,0,0,0,0,0,0,H,0,0,0,0,0,0,0,0,0,0,0,0,0,0,0,0,0,0,A,0,0,0,0,0,2017,1.0,-57
602,363206,2017091003,2017-09-10 00:00:00,05:22,322.0,1222.0,3022.0,Half1,0,1,CLE,PIT,CLE,home,PIT,CLE,66.0,4,0,3.0,0.0,CLE 34,8,16,"(5:22) (No Huddle, Shotgun) D.Kizer pass short middle to D.Johnson to CLE 48 for 14 yards (S.Davis). Sideline Warning on Pittsburgh",pass,14.0,short,6.0,8.0,,,,,,0,6,0.0,6.0,0.0,0.0,0.0,0.0,0.0,0.0,0.0,0.0,0.0,1.0,2017-09-10 13:00:00,0 days 00:28:54.000000000,2017-09-10 13:28:54,2017-09-10 13:00:00,1032.1,Cleveland,7.7,Kentucky bluegrass,45.0,0.0,Open,CLE,20.0,2017-09-10 13:00:00,2017-09-10 17:00:00,60.0,9.4,PIT @ CLE 2017-09-10,0,0,0,0,0,0,0,0,0,H,0,0,0,0,0,0,0,0,0,0,0,0,0,0,0,0,0,0,A,0,0,0,0,0,2017,1.0,-41
626,363207,2017091003,2017-09-10 00:00:00,04:53,293.0,1193.0,2993.0,Half1,0,1,CLE,PIT,CLE,home,PIT,CLE,52.0,4,0,1.0,0.0,CLE 48,10,44,"(4:53) (No Huddle, Shotgun) I.Crowell right guard to PIT 46 for 6 yards (R.Shazier).",run,6.0,,,,,,,,,0,6,0.0,6.0,0.0,0.0,0.0,0.0,0.0,0.0,0.0,0.0,0.0,0.0,2017-09-10 13:00:00,0 days 00:30:21.000000000,2017-09-10 13:30:21,2017-09-10 14:00:00,1031.4,Cleveland,7.9,Kentucky bluegrass,44.0,0.0,Open,CLE,20.6,2017-09-10 14:00:00,2017-09-10 18:00:00,80.0,11.2,PIT @ CLE 2017-09-10,0,0,0,0,0,0,0,0,0,H,0,0,0,0,0,0,0,0,0,0,0,0,0,0,0,0,0,0,A,0,0,0,0,0,2017,1.0,3
651,363208,2017091003,2017-09-10 00:00:00,04:36,276.0,1176.0,2976.0,Half1,0,1,CLE,PIT,CLE,home,PIT,PIT,46.0,4,0,2.0,0.0,PIT 46,4,44,"(4:36) (No Huddle, Shotgun) D.Kizer pass short middle to R.Louis to PIT 43 for 3 yards (J.Haden; A.Chickillo).",pass,3.0,short,-4.0,7.0,,,,,,0,6,0.0,6.0,0.0,0.0,0.0,0.0,0.0,0.0,0.0,0.0,0.0,1.0,2017-09-10 13:00:00,0 days 00:31:12.000000000,2017-09-10 13:31:12,2017-09-10 14:00:00,1031.4,Cleveland,7.9,Kentucky bluegrass,44.0,0.0,Open,CLE,20.6,2017-09-10 14:00:00,2017-09-10 18:00:00,80.0,11.2,PIT @ CLE 2017-09-10,0,0,0,0,0,0,0,0,0,H,0,0,0,0,0,0,0,0,0,0,0,0,0,0,0,0,0,0,A,0,0,0,0,0,2017,1.0,47
679,363209,2017091003,2017-09-10 00:00:00,04:07,247.0,1147.0,2947.0,Half1,0,1,CLE,PIT,CLE,home,PIT,PIT,43.0,4,0,3.0,0.0,PIT 43,1,26,(4:07) D.Kizer up the middle to PIT 42 for 1 yard (V.Williams; R.Shazier).,run,1.0,,,,,,,,,0,6,0.0,6.0,0.0,0.0,0.0,0.0,0.0,0.0,0.0,0.0,0.0,0.0,2017-09-10 13:00:00,0 days 00:32:39.000000000,2017-09-10 13:32:39,2017-09-10 14:00:00,1031.4,Cleveland,7.9,Kentucky bluegrass,44.0,0.0,Open,CLE,20.6,2017-09-10 14:00:00,2017-09-10 18:00:00,80.0,11.2,PIT @ CLE 2017-09-10,0,0,0,0,0,0,0,0,0,H,0,0,0,0,0,0,0,0,0,0,0,0,0,0,0,0,0,0,A,0,0,0,0,0,2017,1.0,73
700,363210,2017091003,2017-09-10 00:00:00,03:25,205.0,1105.0,2905.0,Half1,0,1,CLE,PIT,CLE,home,PIT,PIT,42.0,4,0,1.0,0.0,PIT 42,10,34,(3:25) (Shotgun) D.Kizer pass short middle to M.Dayes to PIT 34 for 8 yards (S.Davis).,pass,8.0,short,7.0,1.0,,,,,,0,6,0.0,6.0,0.0,0.0,0.0,0.0,0.0,0.0,0.0,0.0,0.0,1.0,2017-09-10 13:00:00,0 days 00:34:45.000000000,2017-09-10 13:34:45,2017-09-10 14:00:00,1031.4,Cleveland,7.9,Kentucky bluegrass,44.0,0.0,Open,CLE,20.6,2017-09-10 14:00:00,2017-09-10 18:00:00,80.0,11.2,PIT @ CLE 2017-09-10,0,0,0,0,0,0,0,0,0,H,0,0,0,0,0,0,0,0,0,0,0,0,0,0,0,0,0,0,A,0,0,0,0,0,2017,1.0,107
724,363211,2017091003,2017-09-10 00:00:00,02:55,175.0,1075.0,2875.0,Half1,0,1,CLE,PIT,CLE,home,PIT,PIT,34.0,4,0,2.0,0.0,PIT 34,2,37,"(2:55) (No Huddle, Shotgun) M.Dayes left guard to PIT 31 for 3 yards (T.Alualu).",run,3.0,,,,,,,,,0,6,0.0,6.0,0.0,0.0,0.0,0.0,0.0,0.0,0.0,0.0,0.0,0.0,2017-09-10 13:00:00,0 days 00:36:15.000000000,2017-09-10 13:36:15,2017-09-10 14:00:00,1031.4,Cleveland,7.9,Kentucky bluegrass,44.0,0.0,Open,CLE,20.6,2017-09-10 14:00:00,2017-09-10 18:00:00,80.0,11.2,PIT @ CLE 2017-09-10,0,0,0,0,0,0,0,0,0,H,0,0,0,0,0,0,0,0,0,0,0,0,0,0,0,0,0,0,A,0,0,0,0,0,2017,1.0,144
745,363212,2017091003,2017-09-10 00:00:00,02:22,142.0,1042.0,2842.0,Half1,0,1,CLE,PIT,CLE,home,PIT,PIT,31.0,4,0,1.0,0.0,PIT 31,10,38,"(2:22) (No Huddle, Shotgun) I.Crowell right guard to PIT 30 for 1 yard (S.Davis).",run,1.0,,,,,,,,,0,6,0.0,6.0,0.0,0.0,0.0,0.0,0.0,0.0,0.0,0.0,0.0,0.0,2017-09-10 13:00:00,0 days 00:37:54.000000000,2017-09-10 13:37:54,2017-09-10 14:00:00,1031.4,Cleveland,7.9,Kentucky bluegrass,44.0,0.0,Open,CLE,20.6,2017-09-10 14:00:00,2017-09-10 18:00:00,80.0,11.2,PIT @ CLE 2017-09-10,0,0,0,0,0,0,0,0,0,H,0,0,0,0,0,0,0,0,0,0,0,0,0,0,0,0,0,0,A,0,0,0,0,0,2017,1.0,182
766,363213,2017091003,2017-09-10 00:00:00,01:51,111.0,1011.0,2811.0,Half1,0,1,CLE,PIT,CLE,home,PIT,PIT,30.0,4,0,2.0,0.0,PIT 30,9,44,"(1:51) (No Huddle, Shotgun) D.Kizer pass short right to D.Johnson to PIT 24 for 6 yards (M.Hilton).",pass,6.0,short,5.0,1.0,,,,,,0,6,0.0,6.0,0.0,0.0,0.0,0.0,0.0,0.0,0.0,0.0,0.0,1.0,2017-09-10 13:00:00,0 days 00:39:27.000000000,2017-09-10 13:39:27,2017-09-10 14:00:00,1031.4,Cleveland,7.9,Kentucky bluegrass,44.0,0.0,Open,CLE,20.6,2017-09-10 14:00:00,2017-09-10 18:00:00,80.0,11.2,PIT @ CLE 2017-09-10,0,0,0,0,0,0,0,0,0,H,0,0,0,0,0,0,0,0,0,0,0,0,0,0,0,0,0,0,A,0,0,0,0,0,2017,1.0,226
790,363214,2017091003,2017-09-10 00:00:00,01:12,72.0,972.0,2772.0,Half1,0,1,CLE,PIT,CLE,home,PIT,PIT,24.0,4,0,3.0,0.0,PIT 24,3,68,"(1:12) (No Huddle, Shotgun) D.Kizer pass incomplete deep middle to D.Njoku. PENALTY on PIT-S.Davis, Defensive Pass Interference, 21 yards, enforced at PIT 24 - No Play.",no_play,0.0,,,,,,,,,0,6,0.0,6.0,0.0,0.0,0.0,0.0,0.0,0.0,0.0,0.0,0.0,0.0,2017-09-10 13:00:00,0 days 00:41:24.000000000,2017-09-10 13:41:24,2017-09-10 14:00:00,1031.4,Cleveland,7.9,Kentucky bluegrass,44.0,0.0,Open,CLE,20.6,2017-09-10 14:00:00,2017-09-10 18:00:00,80.0,11.2,PIT @ CLE 2017-09-10,0,0,0,0,0,0,0,0,0,H,0,0,0,0,0,0,0,0,0,0,0,0,0,0,0,0,0,0,A,0,0,0,0,0,2017,1.0,294
812,363215,2017091003,2017-09-10 00:00:00,01:12,72.0,972.0,2772.0,Half1,0,1,CLE,PIT,CLE,home,PIT,PIT,3.0,4,0,1.0,1.0,PIT 3,3,67,(1:12) I.Crowell right guard to PIT 1 for 2 yards (V.Williams).,run,2.0,,,,,,,,,0,6,0.0,6.0,0.0,0.0,0.0,0.0,0.0,0.0,0.0,0.0,0.0,0.0,2017-09-10 13:00:00,0 days 00:41:24.000000000,2017-09-10 13:41:24,2017-09-10 14:00:00,1031.4,Cleveland,7.9,Kentucky bluegrass,44.0,0.0,Open,CLE,20.6,2017-09-10 14:00:00,2017-09-10 18:00:00,80.0,11.2,PIT @ CLE 2017-09-10,0,0,0,0,0,0,0,0,0,H,0,0,0,0,0,0,0,0,0,0,0,0,0,0,0,0,0,0,A,0,0,0,0,0,2017,1.0,361
845,363216,2017091003,2017-09-10 00:00:00,00:24,24.0,924.0,2724.0,Half1,0,1,CLE,PIT,CLE,home,PIT,PIT,1.0,4,1,2.0,1.0,PIT 1,1,68,"(:24) D.Kizer up the middle for 1 yard, TOUCHDOWN.",run,1.0,,,,,,,,CLE,6,6,0.0,6.0,0.0,1.0,0.0,1.0,0.0,0.0,0.0,0.0,0.0,0.0,2017-09-10 13:00:00,0 days 00:43:48.000000000,2017-09-10 13:43:48,2017-09-10 14:00:00,1031.4,Cleveland,7.9,Kentucky bluegrass,44.0,0.0,Open,CLE,20.6,2017-09-10 14:00:00,2017-09-10 18:00:00,80.0,11.2,PIT @ CLE 2017-09-10,0,0,0,0,0,0,0,0,0,H,0,0,0,0,0,0,0,0,0,0,0,0,0,0,0,0,0,0,A,0,0,0,0,0,2017,1.0,429
862,363217,2017091003,2017-09-10 00:00:00,00:22,22.0,922.0,2722.0,Half1,0,1,CLE,PIT,CLE,home,PIT,PIT,15.0,4,1,,0.0,PIT 15,0,68,"Z.Gonzalez extra point is GOOD, Center-C.Hughlett, Holder-B.Colquitt.",extra_point,0.0,,,,,33.0,good,,,7,6,6.0,6.0,0.0,0.0,0.0,0.0,0.0,1.0,0.0,0.0,0.0,0.0,2017-09-10 13:00:00,0 days 00:43:54.000000000,2017-09-10 13:43:54,2017-09-10 14:00:00,1031.4,Cleveland,7.9,Kentucky bluegrass,44.0,0.0,Open,CLE,20.6,2017-09-10 14:00:00,2017-09-10 18:00:00,80.0,11.2,PIT @ CLE 2017-09-10,1,0,0,0,0,0,0,0,0,H,0,0,0,0,0,0,0,0,0,0,0,0,0,0,0,0,0,0,A,0,0,0,0,0,2017,1.0,497
878,363218,2017091003,2017-09-10 00:00:00,00:22,22.0,922.0,2722.0,Half1,0,1,CLE,PIT,PIT,away,CLE,CLE,35.0,5,0,,0.0,CLE 35,0,0,"Z.Gonzalez kicks 65 yards from CLE 35 to end zone, Touchback.",kickoff,0.0,,,,,,,,,7,6,6.0,7.0,0.0,0.0,0.0,0.0,0.0,0.0,0.0,0.0,0.0,0.0,2017-09-10 13:00:00,0 days 00:43:54.000000000,2017-09-10 13:43:54,2017-09-10 14:00:00,1031.4,Cleveland,7.9,Kentucky bluegrass,44.0,0.0,Open,CLE,20.6,2017-09-10 14:00:00,2017-09-10 18:00:00,80.0,11.2,PIT @ CLE 2017-09-10,0,0,0,0,0,0,0,0,0,H,0,0,0,0,0,0,0,0,0,0,0,0,0,0,0,0,0,0,A,0,0,0,0,0,2017,1.0,497
893,363219,2017091003,2017-09-10 00:00:00,00:22,22.0,922.0,2722.0,Half1,0,1,CLE,PIT,PIT,away,CLE,PIT,75.0,5,0,1.0,0.0,PIT 25,10,0,(:22) (Shotgun) B.Roethlisberger pass incomplete short right to M.Bryant.,pass,0.0,short,2.0,,,,,,,7,6,6.0,7.0,0.0,0.0,0.0,0.0,0.0,0.0,0.0,0.0,0.0,0.0,2017-09-10 13:00:00,0 days 00:43:54.000000000,2017-09-10 13:43:54,2017-09-10 14:00:00,1031.4,Cleveland,7.9,Kentucky bluegrass,44.0,0.0,Open,CLE,20.6,2017-09-10 14:00:00,2017-09-10 18:00:00,80.0,11.2,PIT @ CLE 2017-09-10,0,0,0,0,0,0,0,0,0,H,0,0,0,0,0,0,0,0,0,0,0,0,0,0,0,0,0,0,A,0,0,0,0,0,2017,1.0,497
915,363220,2017091003,2017-09-10 00:00:00,00:17,17.0,917.0,2717.0,Half1,0,1,CLE,PIT,PIT,away,CLE,PIT,75.0,5,0,2.0,0.0,PIT 25,10,0,(:17) L.Bell right guard to PIT 25 for no gain (J.Taylor; J.Schobert).,run,0.0,,,,,,,,,7,6,6.0,7.0,0.0,0.0,0.0,0.0,0.0,0.0,0.0,0.0,0.0,0.0,2017-09-10 13:00:00,0 days 00:44:09.000000000,2017-09-10 13:44:09,2017-09-10 14:00:00,1031.4,Cleveland,7.9,Kentucky bluegrass,44.0,0.0,Open,CLE,20.6,2017-09-10 14:00:00,2017-09-10 18:00:00,80.0,11.2,PIT @ CLE 2017-09-10,0,0,0,0,0,0,0,0,0,H,0,0,0,0,0,0,0,0,0,0,0,0,0,0,0,0,0,0,A,0,0,0,0,0,2017,1.0,497
936,363221,2017091003,2017-09-10 00:00:00,00:00,0.0,900.0,2700.0,Half1,1,1,CLE,PIT,PIT,away,CLE,PIT,,5,0,,,PIT 25,0,0,END QUARTER 1,,0.0,,,,,,,,,7,6,,,,,,,,,,,,,2017-09-10 13:00:00,0 days 00:45:00.000000000,2017-09-10 13:45:00,2017-09-10 14:00:00,1031.4,Cleveland,7.9,Kentucky bluegrass,44.0,0.0,Open,CLE,20.6,2017-09-10 14:00:00,2017-09-10 18:00:00,80.0,11.2,PIT @ CLE 2017-09-10,0,0,0,0,0,0,0,0,0,H,0,0,0,0,0,0,0,0,0,0,0,0,0,0,0,0,0,0,A,0,0,0,0,0,2017,1.0,497
953,363222,2017091003,2017-09-10 00:00:00,15:00,900.0,900.0,2700.0,Half1,0,2,CLE,PIT,PIT,away,CLE,PIT,75.0,5,0,3.0,0.0,PIT 25,10,19,(15:00) (Shotgun) B.Roethlisberger pass short right to J.James to PIT 44 for 19 yards (J.Peppers).,pass,19.0,short,9.0,10.0,,,,,,7,6,6.0,7.0,0.0,0.0,0.0,0.0,0.0,0.0,0.0,0.0,0.0,1.0,2017-09-10 13:00:00,0 days 00:45:00.000000000,2017-09-10 13:45:00,2017-09-10 14:00:00,1031.4,Cleveland,7.9,Kentucky bluegrass,44.0,0.0,Open,CLE,20.6,2017-09-10 14:00:00,2017-09-10 18:00:00,80.0,11.2,PIT @ CLE 2017-09-10,0,0,0,0,0,0,0,0,0,H,0,0,0,0,0,0,0,0,0,0,0,0,0,0,0,0,0,0,A,0,0,0,0,0,2017,1.0,516
977,363223,2017091003,2017-09-10 00:00:00,14:19,859.0,859.0,2659.0,Half1,0,2,CLE,PIT,PIT,away,CLE,PIT,56.0,5,0,1.0,0.0,PIT 44,10,14,"(14:19) (Shotgun) PENALTY on PIT-B.Roethlisberger, Delay of Game, 5 yards, enforced at PIT 44 - No Play.",no_play,0.0,,,,,,,,,7,6,6.0,7.0,0.0,0.0,0.0,0.0,0.0,0.0,0.0,0.0,0.0,0.0,2017-09-10 13:00:00,0 days 00:47:03.000000000,2017-09-10 13:47:03,2017-09-10 14:00:00,1031.4,Cleveland,7.9,Kentucky bluegrass,44.0,0.0,Open,CLE,20.6,2017-09-10 14:00:00,2017-09-10 18:00:00,80.0,11.2,PIT @ CLE 2017-09-10,0,0,0,0,0,0,0,0,0,H,0,0,0,0,0,0,0,0,0,0,0,0,0,0,0,0,0,0,A,0,0,0,0,0,2017,1.0,530
1000,363224,2017091003,2017-09-10 00:00:00,13:58,838.0,838.0,2638.0,Half1,0,2,CLE,PIT,PIT,away,CLE,PIT,61.0,5,0,1.0,0.0,PIT 39,15,14,(13:58) (Shotgun) B.Roethlisberger pass incomplete short left to L.Bell.,pass,0.0,short,-4.0,,,,,,,7,6,6.0,7.0,0.0,0.0,0.0,0.0,0.0,0.0,0.0,0.0,0.0,0.0,2017-09-10 13:00:00,0 days 00:48:06.000000000,2017-09-10 13:48:06,2017-09-10 14:00:00,1031.4,Cleveland,7.9,Kentucky bluegrass,44.0,0.0,Open,CLE,20.6,2017-09-10 14:00:00,2017-09-10 18:00:00,80.0,11.2,PIT @ CLE 2017-09-10,0,0,0,0,0,0,0,0,0,H,0,0,0,0,0,0,0,0,0,0,0,0,0,0,0,0,0,0,A,0,0,0,0,0,2017,1.0,544
1022,363225,2017091003,2017-09-10 00:00:00,13:54,834.0,834.0,2634.0,Half1,0,2,CLE,PIT,PIT,away,CLE,PIT,61.0,5,0,2.0,0.0,PIT 39,15,17,(13:54) (Shotgun) L.Bell right guard to PIT 42 for 3 yards (J.Schobert).,run,3.0,,,,,,,,,7,6,6.0,7.0,0.0,0.0,0.0,0.0,0.0,0.0,0.0,0.0,0.0,0.0,2017-09-10 13:00:00,0 days 00:48:18.000000000,2017-09-10 13:48:18,2017-09-10 14:00:00,1031.4,Cleveland,7.9,Kentucky bluegrass,44.0,0.0,Open,CLE,20.6,2017-09-10 14:00:00,2017-09-10 18:00:00,80.0,11.2,PIT @ CLE 2017-09-10,0,0,0,0,0,0,0,0,0,H,0,0,0,0,0,0,0,0,0,0,0,0,0,0,0,0,0,0,A,0,0,0,0,0,2017,1.0,561
1043,363226,2017091003,2017-09-10 00:00:00,13:10,790.0,790.0,2590.0,Half1,0,2,CLE,PIT,PIT,away,CLE,PIT,58.0,5,0,3.0,0.0,PIT 42,12,17,(13:10) (Shotgun) B.Roethlisberger pass incomplete short middle to V.McDonald (J.Burgess).,pass,0.0,short,5.0,,,,,,,7,6,6.0,7.0,0.0,0.0,0.0,0.0,0.0,0.0,0.0,0.0,0.0,0.0,2017-09-10 13:00:00,0 days 00:50:30.000000000,2017-09-10 13:50:30,2017-09-10 14:00:00,1031.4,Cleveland,7.9,Kentucky bluegrass,44.0,0.0,Open,CLE,20.6,2017-09-10 14:00:00,2017-09-10 18:00:00,80.0,11.2,PIT @ CLE 2017-09-10,0,0,0,0,0,0,0,0,0,H,0,0,0,0,0,0,0,0,0,0,0,0,0,0,0,0,0,0,A,0,0,0,0,0,2017,1.0,578
1065,363227,2017091003,2017-09-10 00:00:00,13:06,786.0,786.0,2586.0,Half1,0,2,CLE,PIT,PIT,away,CLE,PIT,58.0,5,0,4.0,0.0,PIT 42,12,17,"(13:06) (Punt formation) J.Berry punts 45 yards to CLE 13, Center-K.Canaday. J.Peppers to CLE 22 for 9 yards (T.Watt).",punt,0.0,,,,,45.0,,,,7,6,6.0,7.0,0.0,0.0,0.0,0.0,0.0,0.0,0.0,0.0,0.0,0.0,2017-09-10 13:00:00,0 days 00:50:42.000000000,2017-09-10 13:50:42,2017-09-10 14:00:00,1031.4,Cleveland,7.9,Kentucky bluegrass,44.0,0.0,Open,CLE,20.6,2017-09-10 14:00:00,2017-09-10 18:00:00,80.0,11.2,PIT @ CLE 2017-09-10,1,0,0,0,0,0,0,0,0,H,0,0,0,0,0,0,0,0,0,0,0,0,0,0,0,0,0,0,A,0,0,0,0,0,2017,1.0,595
1090,363228,2017091003,2017-09-10 00:00:00,12:57,777.0,777.0,2577.0,Half1,0,2,CLE,PIT,CLE,home,PIT,CLE,78.0,6,0,1.0,0.0,CLE 22,10,18,"(12:57) (Shotgun) D.Kizer up the middle to CLE 25 for 3 yards (R.Shazier). PENALTY on PIT-R.Shazier, Unnecessary Roughness, 15 yards, enforced at CLE 25.",run,3.0,,,,,,,,,7,6,7.0,6.0,0.0,0.0,0.0,0.0,0.0,0.0,0.0,0.0,0.0,0.0,2017-09-10 13:00:00,0 days 00:51:09.000000000,2017-09-10 13:51:09,2017-09-10 14:00:00,1031.4,Cleveland,7.9,Kentucky bluegrass,44.0,0.0,Open,CLE,20.6,2017-09-10 14:00:00,2017-09-10 18:00:00,80.0,11.2,PIT @ CLE 2017-09-10,0,0,0,0,0,0,0,0,0,H,0,0,0,0,0,0,0,0,0,0,0,0,0,0,0,0,0,0,A,0,0,0,0,0,2017,1.0,613
1123,363229,2017091003,2017-09-10 00:00:00,12:28,748.0,748.0,2548.0,Half1,0,2,CLE,PIT,CLE,home,PIT,CLE,60.0,6,0,1.0,0.0,CLE 40,10,17,(12:28) I.Crowell left guard to CLE 39 for -1 yards (C.Heyward; T.Alualu).,run,-1.0,,,,,,,,,7,6,7.0,6.0,0.0,0.0,0.0,0.0,0.0,0.0,0.0,0.0,0.0,0.0,2017-09-10 13:00:00,0 days 00:52:36.000000000,2017-09-10 13:52:36,2017-09-10 14:00:00,1031.4,Cleveland,7.9,Kentucky bluegrass,44.0,0.0,Open,CLE,20.6,2017-09-10 14:00:00,2017-09-10 18:00:00,80.0,11.2,PIT @ CLE 2017-09-10,0,0,0,0,0,0,0,0,0,H,0,0,0,0,0,0,0,0,0,0,0,0,0,0,0,0,0,0,A,0,0,0,0,0,2017,1.0,630
1148,363230,2017091003,2017-09-10 00:00:00,12:05,725.0,725.0,2525.0,Half1,0,2,CLE,PIT,CLE,home,PIT,CLE,61.0,6,0,2.0,0.0,CLE 39,11,17,"(12:05) (No Huddle, Shotgun) D.Kizer pass incomplete deep middle to S.DeValve (J.Haden).",pass,0.0,deep,21.0,,,,,,,7,6,7.0,6.0,0.0,0.0,0.0,0.0,0.0,0.0,0.0,0.0,0.0,0.0,2017-09-10 13:00:00,0 days 00:53:45.000000000,2017-09-10 13:53:45,2017-09-10 14:00:00,1031.4,Cleveland,7.9,Kentucky bluegrass,44.0,0.0,Open,CLE,20.6,2017-09-10 14:00:00,2017-09-10 18:00:00,80.0,11.2,PIT @ CLE 2017-09-10,0,0,0,0,0,0,0,0,0,H,0,0,0,0,0,0,0,0,0,0,0,0,0,0,0,0,0,0,A,0,0,0,0,0,2017,1.0,647
1170,363231,2017091003,2017-09-10 00:00:00,12:00,720.0,720.0,2520.0,Half1,0,2,CLE,PIT,CLE,home,PIT,CLE,61.0,6,0,3.0,0.0,CLE 39,11,26,"(12:00) (No Huddle, Shotgun) D.Kizer pass short right to S.DeValve to CLE 48 for 9 yards (R.Shazier).",pass,9.0,short,6.0,3.0,,,,,,7,6,7.0,6.0,0.0,0.0,0.0,0.0,0.0,0.0,0.0,0.0,0.0,1.0,2017-09-10 13:00:00,0 days 00:54:00.000000000,2017-09-10 13:54:00,2017-09-10 14:00:00,1031.4,Cleveland,7.9,Kentucky bluegrass,44.0,0.0,Open,CLE,20.6,2017-09-10 14:00:00,2017-09-10 18:00:00,80.0,11.2,PIT @ CLE 2017-09-10,0,0,0,0,0,0,0,0,0,H,0,0,0,0,0,0,0,0,0,0,0,0,0,0,0,0,0,0,A,0,0,0,0,0,2017,1.0,673
1194,363232,2017091003,2017-09-10 00:00:00,11:22,682.0,682.0,2482.0,Half1,0,2,CLE,PIT,CLE,home,PIT,CLE,52.0,6,0,4.0,0.0,CLE 48,2,26,"(11:22) (Punt formation) B.Colquitt punts 46 yards to PIT 6, Center-C.Hughlett, downed by CLE-R.Louis.",punt,0.0,,,,,46.0,,,,7,6,7.0,6.0,0.0,0.0,0.0,0.0,0.0,0.0,0.0,0.0,0.0,0.0,2017-09-10 13:00:00,0 days 00:55:54.000000000,2017-09-10 13:55:54,2017-09-10 14:00:00,1031.4,Cleveland,7.9,Kentucky bluegrass,44.0,0.0,Open,CLE,20.6,2017-09-10 14:00:00,2017-09-10 18:00:00,80.0,11.2,PIT @ CLE 2017-09-10,1,0,0,0,0,0,0,0,0,H,0,0,0,0,0,0,0,0,0,0,0,0,0,0,0,0,0,0,A,0,0,0,0,0,2017,1.0,699
1213,363233,2017091003,2017-09-10 00:00:00,11:13,673.0,673.0,2473.0,Half1,0,2,CLE,PIT,PIT,away,CLE,PIT,94.0,7,0,1.0,0.0,PIT 6,10,5,(11:13) J.Conner right guard to PIT 7 for 1 yard (L.Ogunjobi).,run,1.0,,,,,,,,,7,6,6.0,7.0,0.0,0.0,0.0,0.0,0.0,0.0,0.0,0.0,0.0,0.0,2017-09-10 13:00:00,0 days 00:56:21.000000000,2017-09-10 13:56:21,2017-09-10 14:00:00,1031.4,Cleveland,7.9,Kentucky bluegrass,44.0,0.0,Open,CLE,20.6,2017-09-10 14:00:00,2017-09-10 18:00:00,80.0,11.2,PIT @ CLE 2017-09-10,0,0,0,0,0,0,0,0,0,H,0,0,0,0,0,0,0,0,0,0,0,0,0,0,0,0,0,0,A,0,0,0,0,0,2017,1.0,704
1234,363234,2017091003,2017-09-10 00:00:00,10:34,634.0,634.0,2434.0,Half1,0,2,CLE,PIT,PIT,away,CLE,PIT,93.0,7,0,2.0,0.0,PIT 7,9,15,"(10:34) J.Conner left guard to PIT 6 for -1 yards (D.Kindred). PENALTY on CLE-J.Meder, Defensive Holding, 5 yards, enforced at PIT 7 - No Play.",no_play,0.0,,,,,,,,,7,6,6.0,7.0,0.0,0.0,0.0,0.0,0.0,0.0,0.0,0.0,0.0,0.0,2017-09-10 13:00:00,0 days 00:58:18.000000000,2017-09-10 13:58:18,2017-09-10 14:00:00,1031.4,Cleveland,7.9,Kentucky bluegrass,44.0,0.0,Open,CLE,20.6,2017-09-10 14:00:00,2017-09-10 18:00:00,80.0,11.2,PIT @ CLE 2017-09-10,0,0,0,0,0,0,0,0,0,H,0,0,0,0,0,0,0,0,0,0,0,0,0,0,0,0,0,0,A,0,0,0,0,0,2017,1.0,719
1266,363235,2017091003,2017-09-10 00:00:00,10:08,608.0,608.0,2408.0,Half1,0,2,CLE,PIT,PIT,away,CLE,PIT,88.0,7,0,1.0,0.0,PIT 12,10,15,(10:08) (Shotgun) B.Roethlisberger pass short left to E.Rogers to PIT 21 for 9 yards (J.Collins).,pass,9.0,short,4.0,5.0,,,,,,7,6,6.0,7.0,0.0,0.0,0.0,0.0,0.0,0.0,0.0,0.0,0.0,1.0,2017-09-10 13:00:00,0 days 00:59:36.000000000,2017-09-10 13:59:36,2017-09-10 14:00:00,1031.4,Cleveland,7.9,Kentucky bluegrass,44.0,0.0,Open,CLE,20.6,2017-09-10 14:00:00,2017-09-10 18:00:00,80.0,11.2,PIT @ CLE 2017-09-10,0,0,0,0,0,0,0,0,0,H,0,0,0,0,0,0,0,0,0,0,0,0,0,0,0,0,0,0,A,0,0,0,0,0,2017,1.0,734
1290,363236,2017091003,2017-09-10 00:00:00,09:28,568.0,568.0,2368.0,Half1,0,2,CLE,PIT,PIT,away,CLE,PIT,79.0,7,0,2.0,0.0,PIT 21,1,15,(9:28) (Shotgun) B.Roethlisberger pass incomplete short left to L.Bell.,pass,0.0,short,3.0,,,,,,,7,6,6.0,7.0,0.0,0.0,0.0,0.0,0.0,0.0,0.0,0.0,0.0,0.0,2017-09-10 13:00:00,0 days 01:01:36.000000000,2017-09-10 14:01:36,2017-09-10 14:00:00,1031.4,Cleveland,7.9,Kentucky bluegrass,44.0,0.0,Open,CLE,20.6,2017-09-10 14:00:00,2017-09-10 18:00:00,80.0,11.2,PIT @ CLE 2017-09-10,0,0,0,0,0,0,0,0,0,H,0,0,0,0,0,0,0,0,0,0,0,0,0,0,0,0,0,0,A,0,0,0,0,0,2017,1.0,749
1312,363237,2017091003,2017-09-10 00:00:00,09:25,565.0,565.0,2365.0,Half1,0,2,CLE,PIT,PIT,away,CLE,PIT,79.0,7,0,3.0,0.0,PIT 21,1,15,(9:25) (No Huddle) L.Bell right guard to PIT 21 for no gain (L.Ogunjobi; B.Boddy-Calhoun).,run,0.0,,,,,,,,,7,6,6.0,7.0,0.0,0.0,0.0,0.0,0.0,0.0,0.0,0.0,0.0,0.0,2017-09-10 13:00:00,0 days 01:01:45.000000000,2017-09-10 14:01:45,2017-09-10 14:00:00,1031.4,Cleveland,7.9,Kentucky bluegrass,44.0,0.0,Open,CLE,20.6,2017-09-10 14:00:00,2017-09-10 18:00:00,80.0,11.2,PIT @ CLE 2017-09-10,0,0,0,0,0,0,0,0,0,H,0,0,0,0,0,0,0,0,0,0,0,0,0,0,0,0,0,0,A,0,0,0,0,0,2017,1.0,764
1333,363238,2017091003,2017-09-10 00:00:00,08:52,532.0,532.0,2332.0,Half1,0,2,CLE,PIT,PIT,away,CLE,PIT,79.0,7,0,4.0,0.0,PIT 21,1,15,"(8:52) (Punt formation) J.Berry punts 39 yards to CLE 40, Center-K.Canaday, out of bounds.",punt,0.0,,,,,39.0,,,,7,6,6.0,7.0,0.0,0.0,0.0,0.0,0.0,0.0,0.0,0.0,0.0,0.0,2017-09-10 13:00:00,0 days 01:03:24.000000000,2017-09-10 14:03:24,2017-09-10 14:00:00,1031.4,Cleveland,7.9,Kentucky bluegrass,44.0,0.0,Open,CLE,20.6,2017-09-10 14:00:00,2017-09-10 18:00:00,80.0,11.2,PIT @ CLE 2017-09-10,1,0,0,0,0,0,0,0,0,H,0,0,0,0,0,0,0,0,0,0,0,0,0,0,0,0,0,0,A,0,0,0,0,0,2017,1.0,779
1351,363239,2017091003,2017-09-10 00:00:00,08:42,522.0,522.0,2322.0,Half1,0,2,CLE,PIT,CLE,home,PIT,CLE,60.0,8,0,1.0,0.0,CLE 40,10,20,(8:42) (Pass formation) D.Kizer pass deep middle to C.Coleman to PIT 41 for 19 yards (J.Haden).,pass,19.0,deep,19.0,0.0,,,,,,7,6,7.0,6.0,0.0,0.0,0.0,0.0,0.0,0.0,0.0,0.0,0.0,1.0,2017-09-10 13:00:00,0 days 01:03:54.000000000,2017-09-10 14:03:54,2017-09-10 14:00:00,1031.4,Cleveland,7.9,Kentucky bluegrass,44.0,0.0,Open,CLE,20.6,2017-09-10 14:00:00,2017-09-10 18:00:00,80.0,11.2,PIT @ CLE 2017-09-10,0,0,0,0,0,0,0,0,0,H,0,0,0,0,0,0,0,0,0,0,0,0,0,0,0,0,0,0,A,0,0,0,0,0,2017,1.0,799
1375,363240,2017091003,2017-09-10 00:00:00,08:03,483.0,483.0,2283.0,Half1,0,2,CLE,PIT,CLE,home,PIT,PIT,41.0,8,0,1.0,0.0,PIT 41,10,20,(8:03) (Run formation) I.Crowell left end ran ob at PIT 40 for 1 yard (V.Williams).,run,1.0,,,,,,,,,7,6,7.0,6.0,0.0,0.0,0.0,0.0,0.0,0.0,0.0,0.0,0.0,0.0,2017-09-10 13:00:00,0 days 01:05:51.000000000,2017-09-10 14:05:51,2017-09-10 14:00:00,1031.4,Cleveland,7.9,Kentucky bluegrass,44.0,0.0,Open,CLE,20.6,2017-09-10 14:00:00,2017-09-10 18:00:00,80.0,11.2,PIT @ CLE 2017-09-10,0,0,0,0,0,0,0,0,0,H,0,0,0,0,0,0,0,0,0,0,0,0,0,0,0,0,0,0,A,0,0,0,0,0,2017,1.0,819
1396,363241,2017091003,2017-09-10 00:00:00,07:41,461.0,461.0,2261.0,Half1,0,2,CLE,PIT,CLE,home,PIT,PIT,40.0,8,0,2.0,0.0,PIT 40,9,20,(7:41) (Shotgun) D.Kizer pass incomplete deep right to K.Williams.,pass,0.0,deep,32.0,,,,,,,7,6,7.0,6.0,0.0,0.0,0.0,0.0,0.0,0.0,0.0,0.0,0.0,0.0,2017-09-10 13:00:00,0 days 01:06:57.000000000,2017-09-10 14:06:57,2017-09-10 14:00:00,1031.4,Cleveland,7.9,Kentucky bluegrass,44.0,0.0,Open,CLE,20.6,2017-09-10 14:00:00,2017-09-10 18:00:00,80.0,11.2,PIT @ CLE 2017-09-10,0,0,0,0,0,0,0,0,0,H,0,0,0,0,0,0,0,0,0,0,0,0,0,0,0,0,0,0,A,0,0,0,0,0,2017,1.0,839
1418,363242,2017091003,2017-09-10 00:00:00,07:35,455.0,455.0,2255.0,Half1,0,2,CLE,PIT,CLE,home,PIT,PIT,40.0,8,0,,0.0,PIT 40,0,20,Timeout #1 by CLE at 07:35.,no_play,0.0,,,,,,,,,7,6,7.0,6.0,0.0,0.0,0.0,0.0,0.0,0.0,0.0,0.0,0.0,0.0,2017-09-10 13:00:00,0 days 01:07:15.000000000,2017-09-10 14:07:15,2017-09-10 14:00:00,1031.4,Cleveland,7.9,Kentucky bluegrass,44.0,0.0,Open,CLE,20.6,2017-09-10 14:00:00,2017-09-10 18:00:00,80.0,11.2,PIT @ CLE 2017-09-10,0,0,0,0,0,0,0,0,0,H,0,0,0,0,0,0,0,0,0,0,0,0,0,0,0,0,0,0,A,0,0,0,0,0,2017,1.0,859
1435,363243,2017091003,2017-09-10 00:00:00,07:35,455.0,455.0,2255.0,Half1,0,2,CLE,PIT,CLE,home,PIT,PIT,40.0,8,0,3.0,0.0,PIT 40,9,20,(7:35) (Shotgun) D.Kizer pass incomplete deep right to K.Britt.,pass,0.0,deep,20.0,,,,,,,7,6,7.0,6.0,0.0,0.0,0.0,0.0,0.0,0.0,0.0,0.0,0.0,0.0,2017-09-10 13:00:00,0 days 01:07:15.000000000,2017-09-10 14:07:15,2017-09-10 14:00:00,1031.4,Cleveland,7.9,Kentucky bluegrass,44.0,0.0,Open,CLE,20.6,2017-09-10 14:00:00,2017-09-10 18:00:00,80.0,11.2,PIT @ CLE 2017-09-10,0,0,0,0,0,0,0,0,0,H,0,0,0,0,0,0,0,0,0,0,0,0,0,0,0,0,0,0,A,0,0,0,0,0,2017,1.0,879
1457,363244,2017091003,2017-09-10 00:00:00,07:30,450.0,450.0,2250.0,Half1,0,2,CLE,PIT,CLE,home,PIT,PIT,40.0,8,0,4.0,0.0,PIT 40,9,20,"(7:30) (Punt formation) B.Colquitt punts 26 yards to PIT 14, Center-C.Hughlett, downed by CLE-S.DeValve.",punt,0.0,,,,,26.0,,,,7,6,7.0,6.0,0.0,0.0,0.0,0.0,0.0,0.0,0.0,0.0,0.0,0.0,2017-09-10 13:00:00,0 days 01:07:30.000000000,2017-09-10 14:07:30,2017-09-10 14:00:00,1031.4,Cleveland,7.9,Kentucky bluegrass,44.0,0.0,Open,CLE,20.6,2017-09-10 14:00:00,2017-09-10 18:00:00,80.0,11.2,PIT @ CLE 2017-09-10,1,0,0,0,0,0,0,0,0,H,0,0,0,0,0,0,0,0,0,0,0,0,0,0,0,0,0,0,A,0,0,0,0,0,2017,1.0,899
1476,363245,2017091003,2017-09-10 00:00:00,07:21,441.0,441.0,2241.0,Half1,0,2,CLE,PIT,PIT,away,CLE,PIT,86.0,9,0,1.0,0.0,PIT 14,10,16,"(7:21) (Shotgun) B.Roethlisberger pass short right to A.Brown to PIT 24 for 10 yards (J.Collins). FUMBLES (J.Collins), ball out of bounds at PIT 24.",pass,10.0,short,2.0,8.0,,,,,,7,6,6.0,7.0,0.0,0.0,0.0,0.0,0.0,0.0,0.0,0.0,1.0,1.0,2017-09-10 13:00:00,0 days 01:07:57.000000000,2017-09-10 14:07:57,2017-09-10 14:00:00,1031.4,Cleveland,7.9,Kentucky bluegrass,44.0,0.0,Open,CLE,20.6,2017-09-10 14:00:00,2017-09-10 18:00:00,80.0,11.2,PIT @ CLE 2017-09-10,0,0,0,0,0,0,0,0,0,H,0,0,0,0,0,0,0,0,0,0,0,0,0,0,0,0,0,0,A,0,0,0,0,0,2017,1.0,915
1500,363246,2017091003,2017-09-10 00:00:00,06:54,414.0,414.0,2214.0,Half1,0,2,CLE,PIT,PIT,away,CLE,PIT,76.0,9,0,1.0,0.0,PIT 24,10,6,(6:54) (Shotgun) B.Roethlisberger pass short middle to J.James to PIT 30 for 6 yards (C.Kirksey).,pass,6.0,short,3.0,3.0,,,,,,7,6,6.0,7.0,0.0,0.0,0.0,0.0,0.0,0.0,0.0,0.0,0.0,1.0,2017-09-10 13:00:00,0 days 01:09:18.000000000,2017-09-10 14:09:18,2017-09-10 14:00:00,1031.4,Cleveland,7.9,Kentucky bluegrass,44.0,0.0,Open,CLE,20.6,2017-09-10 14:00:00,2017-09-10 18:00:00,80.0,11.2,PIT @ CLE 2017-09-10,0,0,0,0,0,0,0,0,0,H,0,0,0,0,0,0,0,0,0,0,0,0,0,0,0,0,0,0,A,0,0,0,0,0,2017,1.0,921
1531,363247,2017091003,2017-09-10 00:00:00,06:24,384.0,384.0,2184.0,Half1,0,2,CLE,PIT,PIT,away,CLE,PIT,70.0,9,0,2.0,0.0,PIT 30,4,16,"(6:24) (No Huddle, Shotgun) B.Roethlisberger pass short right to M.Bryant to PIT 30 for no gain (B.Boddy-Calhoun; J.Taylor).",pass,0.0,short,-3.0,3.0,,,,,,7,6,6.0,7.0,0.0,0.0,0.0,0.0,0.0,0.0,0.0,0.0,0.0,1.0,2017-09-10 13:00:00,0 days 01:10:48.000000000,2017-09-10 14:10:48,2017-09-10 14:00:00,1031.4,Cleveland,7.9,Kentucky bluegrass,44.0,0.0,Open,CLE,20.6,2017-09-10 14:00:00,2017-09-10 18:00:00,80.0,11.2,PIT @ CLE 2017-09-10,0,0,0,0,0,0,0,0,0,H,0,0,0,0,0,0,0,0,0,0,0,0,0,0,0,0,0,0,A,0,0,0,0,0,2017,1.0,937
1558,363248,2017091003,2017-09-10 00:00:00,05:36,336.0,336.0,2136.0,Half1,0,2,CLE,PIT,PIT,away,CLE,PIT,70.0,9,0,3.0,0.0,PIT 30,4,16,(5:36) (Shotgun) B.Roethlisberger pass incomplete short right to J.James (D.Kindred).,pass,0.0,short,10.0,,,,,,,7,6,6.0,7.0,0.0,0.0,0.0,0.0,0.0,0.0,0.0,0.0,0.0,0.0,2017-09-10 13:00:00,0 days 01:13:12.000000000,2017-09-10 14:13:12,2017-09-10 14:00:00,1031.4,Cleveland,7.9,Kentucky bluegrass,44.0,0.0,Open,CLE,20.6,2017-09-10 14:00:00,2017-09-10 18:00:00,80.0,11.2,PIT @ CLE 2017-09-10,0,0,0,0,0,0,0,0,0,H,0,0,0,0,0,0,0,0,0,0,0,0,0,0,0,0,0,0,A,0,0,0,0,0,2017,1.0,953
1580,363249,2017091003,2017-09-10 00:00:00,05:30,330.0,330.0,2130.0,Half1,0,2,CLE,PIT,PIT,away,CLE,PIT,70.0,9,0,4.0,0.0,PIT 30,4,16,"(5:30) J.Berry punts 59 yards to CLE 11, Center-K.Canaday. J.Peppers to CLE 36 for 25 yards (D.Heyward-Bey; K.Canaday).",punt,0.0,,,,,59.0,,,,7,6,6.0,7.0,0.0,0.0,0.0,0.0,0.0,0.0,0.0,0.0,0.0,0.0,2017-09-10 13:00:00,0 days 01:13:30.000000000,2017-09-10 14:13:30,2017-09-10 14:00:00,1031.4,Cleveland,7.9,Kentucky bluegrass,44.0,0.0,Open,CLE,20.6,2017-09-10 14:00:00,2017-09-10 18:00:00,80.0,11.2,PIT @ CLE 2017-09-10,1,0,0,0,0,0,0,0,0,H,0,0,0,0,0,0,0,0,0,0,0,0,0,0,0,0,0,0,A,0,0,0,0,0,2017,1.0,969
1605,363250,2017091003,2017-09-10 00:00:00,05:18,318.0,318.0,2118.0,Half1,0,2,CLE,PIT,CLE,home,PIT,CLE,64.0,10,0,1.0,0.0,CLE 36,10,4,(5:18) (Shotgun) I.Crowell left guard to CLE 37 for 1 yard (T.Watt).,run,1.0,,,,,,,,,7,6,7.0,6.0,0.0,0.0,0.0,0.0,0.0,0.0,0.0,0.0,0.0,0.0,2017-09-10 13:00:00,0 days 01:14:06.000000000,2017-09-10 14:14:06,2017-09-10 14:00:00,1031.4,Cleveland,7.9,Kentucky bluegrass,44.0,0.0,Open,CLE,20.6,2017-09-10 14:00:00,2017-09-10 18:00:00,80.0,11.2,PIT @ CLE 2017-09-10,0,0,0,0,0,0,0,0,0,H,0,0,0,0,0,0,0,0,0,0,0,0,0,0,0,0,0,0,A,0,0,0,0,0,2017,1.0,973
1626,363251,2017091003,2017-09-10 00:00:00,04:50,290.0,290.0,2090.0,Half1,0,2,CLE,PIT,CLE,home,PIT,CLE,63.0,10,0,2.0,0.0,CLE 37,9,4,(4:50) (Shotgun) I.Crowell left guard to CLE 40 for 3 yards (T.Watt).,run,3.0,,,,,,,,,7,6,7.0,6.0,0.0,0.0,0.0,0.0,0.0,0.0,0.0,0.0,0.0,0.0,2017-09-10 13:00:00,0 days 01:15:30.000000000,2017-09-10 14:15:30,2017-09-10 14:00:00,1031.4,Cleveland,7.9,Kentucky bluegrass,44.0,0.0,Open,CLE,20.6,2017-09-10 14:00:00,2017-09-10 18:00:00,80.0,11.2,PIT @ CLE 2017-09-10,0,0,0,0,0,0,0,0,0,H,0,0,0,0,0,0,0,0,0,0,0,0,0,0,0,0,0,0,A,0,0,0,0,0,2017,1.0,977
1647,363252,2017091003,2017-09-10 00:00:00,04:10,250.0,250.0,2050.0,Half1,0,2,CLE,PIT,CLE,home,PIT,CLE,60.0,10,0,3.0,0.0,CLE 40,6,4,(4:10) (Shotgun) D.Kizer pass incomplete deep left to C.Coleman [R.Shazier].,pass,0.0,deep,41.0,,,,,,,7,6,7.0,6.0,0.0,0.0,0.0,0.0,0.0,0.0,0.0,0.0,0.0,0.0,2017-09-10 13:00:00,0 days 01:17:30.000000000,2017-09-10 14:17:30,2017-09-10 14:00:00,1031.4,Cleveland,7.9,Kentucky bluegrass,44.0,0.0,Open,CLE,20.6,2017-09-10 14:00:00,2017-09-10 18:00:00,80.0,11.2,PIT @ CLE 2017-09-10,0,0,0,0,0,0,0,0,0,H,0,0,0,0,0,0,0,0,0,0,0,0,0,0,0,0,0,0,A,0,0,0,0,0,2017,1.0,981
1669,363253,2017091003,2017-09-10 00:00:00,04:04,244.0,244.0,2044.0,Half1,0,2,CLE,PIT,CLE,home,PIT,CLE,60.0,10,0,4.0,0.0,CLE 40,6,4,"(4:04) B.Colquitt punts 51 yards to PIT 9, Center-C.Hughlett. E.Rogers to PIT 17 for 8 yards (J.Burgess). PENALTY on PIT-D.Heyward-Bey, Offensive Holding, 9 yards, enforced at PIT 18.",punt,0.0,,,,,51.0,,,,7,6,7.0,6.0,0.0,0.0,0.0,0.0,0.0,0.0,0.0,0.0,0.0,0.0,2017-09-10 13:00:00,0 days 01:17:48.000000000,2017-09-10 14:17:48,2017-09-10 14:00:00,1031.4,Cleveland,7.9,Kentucky bluegrass,44.0,0.0,Open,CLE,20.6,2017-09-10 14:00:00,2017-09-10 18:00:00,80.0,11.2,PIT @ CLE 2017-09-10,1,0,0,0,0,0,0,0,0,H,0,0,0,0,0,0,0,0,0,0,0,0,0,0,0,0,0,0,A,0,0,0,0,0,2017,1.0,985
1706,363254,2017091003,2017-09-10 00:00:00,03:53,233.0,233.0,2033.0,Half1,0,2,CLE,PIT,PIT,away,CLE,PIT,91.0,11,0,1.0,0.0,PIT 9,10,-4,"(3:53) B.Roethlisberger pass short right to A.Brown to PIT 24 for 15 yards (J.Taylor). PENALTY on PIT-L.Bell, Illegal Peelback, 4 yards, enforced at PIT 9 - No Play.",no_play,0.0,,,,,,,,,7,6,6.0,7.0,0.0,0.0,0.0,0.0,0.0,0.0,0.0,0.0,0.0,0.0,2017-09-10 13:00:00,0 days 01:18:21.000000000,2017-09-10 14:18:21,2017-09-10 14:00:00,1031.4,Cleveland,7.9,Kentucky bluegrass,44.0,0.0,Open,CLE,20.6,2017-09-10 14:00:00,2017-09-10 18:00:00,80.0,11.2,PIT @ CLE 2017-09-10,0,0,0,0,0,0,0,0,0,H,0,0,0,0,0,0,0,0,0,0,0,0,0,0,0,0,0,0,A,0,0,0,0,0,2017,1.0,981
1741,363255,2017091003,2017-09-10 00:00:00,03:27,207.0,207.0,2007.0,Half1,0,2,CLE,PIT,PIT,away,CLE,PIT,95.0,11,0,1.0,0.0,PIT 5,14,2,(3:27) (Shotgun) B.Roethlisberger pass short middle to L.Bell to PIT 11 for 6 yards (J.Schobert).,pass,6.0,short,0.0,6.0,,,,,,7,6,6.0,7.0,0.0,0.0,0.0,0.0,0.0,0.0,0.0,0.0,0.0,1.0,2017-09-10 13:00:00,0 days 01:19:39.000000000,2017-09-10 14:19:39,2017-09-10 14:00:00,1031.4,Cleveland,7.9,Kentucky bluegrass,44.0,0.0,Open,CLE,20.6,2017-09-10 14:00:00,2017-09-10 18:00:00,80.0,11.2,PIT @ CLE 2017-09-10,0,0,0,0,0,0,0,0,0,H,0,0,0,0,0,0,0,0,0,0,0,0,0,0,0,0,0,0,A,0,0,0,0,0,2017,1.0,983
1765,363256,2017091003,2017-09-10 00:00:00,02:44,164.0,164.0,1964.0,Half1,0,2,CLE,PIT,PIT,away,CLE,PIT,89.0,11,0,2.0,0.0,PIT 11,8,52,(2:44) (Shotgun) B.Roethlisberger pass deep right to A.Brown to CLE 39 for 50 yards (D.Kindred). 60,pass,50.0,deep,16.0,34.0,,,,,,7,6,6.0,7.0,0.0,0.0,0.0,0.0,0.0,0.0,0.0,0.0,0.0,1.0,2017-09-10 13:00:00,0 days 01:21:48.000000000,2017-09-10 14:21:48,2017-09-10 14:00:00,1031.4,Cleveland,7.9,Kentucky bluegrass,44.0,0.0,Open,CLE,20.6,2017-09-10 14:00:00,2017-09-10 18:00:00,80.0,11.2,PIT @ CLE 2017-09-10,0,0,0,0,0,0,0,0,0,H,0,0,0,0,0,0,0,0,0,0,0,0,0,0,0,0,0,0,A,0,0,0,0,0,2017,1.0,1035
1789,363257,2017091003,2017-09-10 00:00:00,02:00,120.0,120.0,1920.0,Half1,0,2,CLE,PIT,PIT,away,CLE,PIT,,11,0,,,PIT 11,0,52,Two-Minute Warning,,0.0,,,,,,,,,7,6,,,,,,,,,,,,,2017-09-10 13:00:00,0 days 01:24:00.000000000,2017-09-10 14:24:00,2017-09-10 14:00:00,1031.4,Cleveland,7.9,Kentucky bluegrass,44.0,0.0,Open,CLE,20.6,2017-09-10 14:00:00,2017-09-10 18:00:00,80.0,11.2,PIT @ CLE 2017-09-10,0,0,0,0,0,0,0,0,0,H,0,0,0,0,0,0,0,0,0,0,0,0,0,0,0,0,0,0,A,0,0,0,0,0,2017,1.0,1087
1810,363258,2017091003,2017-09-10 00:00:00,02:00,120.0,120.0,1920.0,Half1,0,2,CLE,PIT,PIT,away,CLE,CLE,39.0,11,0,1.0,0.0,CLE 39,10,82,(2:00) (Shotgun) B.Roethlisberger pass short right to A.Brown ran ob at CLE 28 for 11 yards.,pass,11.0,short,1.0,10.0,,,,,,7,6,6.0,7.0,0.0,0.0,0.0,0.0,0.0,0.0,0.0,0.0,0.0,1.0,2017-09-10 13:00:00,0 days 01:24:00.000000000,2017-09-10 14:24:00,2017-09-10 14:00:00,1031.4,Cleveland,7.9,Kentucky bluegrass,44.0,0.0,Open,CLE,20.6,2017-09-10 14:00:00,2017-09-10 18:00:00,80.0,11.2,PIT @ CLE 2017-09-10,0,0,0,0,0,0,0,0,0,H,0,0,0,0,0,0,0,0,0,0,0,0,0,0,0,0,0,0,A,0,0,0,0,0,2017,1.0,1169
1834,363259,2017091003,2017-09-10 00:00:00,01:53,113.0,113.0,1913.0,Half1,0,2,CLE,PIT,PIT,away,CLE,CLE,28.0,11,0,1.0,0.0,CLE 28,10,82,(1:53) (Shotgun) B.Roethlisberger pass short right to A.Brown to CLE 9 for 19 yards (J.Peppers).,pass,19.0,short,2.0,17.0,,,,,,7,6,6.0,7.0,0.0,0.0,0.0,0.0,0.0,0.0,0.0,0.0,0.0,1.0,2017-09-10 13:00:00,0 days 01:24:21.000000000,2017-09-10 14:24:21,2017-09-10 14:00:00,1031.4,Cleveland,7.9,Kentucky bluegrass,44.0,0.0,Open,CLE,20.6,2017-09-10 14:00:00,2017-09-10 18:00:00,80.0,11.2,PIT @ CLE 2017-09-10,0,0,0,0,0,0,0,0,0,H,0,0,0,0,0,0,0,0,0,0,0,0,0,0,0,0,0,0,A,0,0,0,0,0,2017,1.0,1251
1858,363260,2017091003,2017-09-10 00:00:00,01:35,95.0,95.0,1895.0,Half1,0,2,CLE,PIT,PIT,away,CLE,CLE,28.0,11,0,,0.0,CLE 28,0,82,Timeout #1 by PIT at 01:35.,no_play,0.0,,,,,,,,,7,6,6.0,7.0,0.0,0.0,0.0,0.0,0.0,0.0,0.0,0.0,0.0,0.0,2017-09-10 13:00:00,0 days 01:25:15.000000000,2017-09-10 14:25:15,2017-09-10 14:00:00,1031.4,Cleveland,7.9,Kentucky bluegrass,44.0,0.0,Open,CLE,20.6,2017-09-10 14:00:00,2017-09-10 18:00:00,80.0,11.2,PIT @ CLE 2017-09-10,0,0,0,0,0,0,0,0,0,H,0,0,0,0,0,0,0,0,0,0,0,0,0,0,0,0,0,0,A,0,0,0,0,0,2017,1.0,1333
1875,363261,2017091003,2017-09-10 00:00:00,01:35,95.0,95.0,1895.0,Half1,0,2,CLE,PIT,PIT,away,CLE,CLE,9.0,11,0,1.0,1.0,CLE 9,9,91,(1:35) (Shotgun) B.Roethlisberger pass incomplete short middle to J.James.,pass,0.0,short,9.0,,,,,,,7,6,6.0,7.0,0.0,0.0,0.0,0.0,0.0,0.0,0.0,0.0,0.0,0.0,2017-09-10 13:00:00,0 days 01:25:15.000000000,2017-09-10 14:25:15,2017-09-10 14:00:00,1031.4,Cleveland,7.9,Kentucky bluegrass,44.0,0.0,Open,CLE,20.6,2017-09-10 14:00:00,2017-09-10 18:00:00,80.0,11.2,PIT @ CLE 2017-09-10,0,0,0,0,0,0,0,0,0,H,0,0,0,0,0,0,0,0,0,0,0,0,0,0,0,0,0,0,A,0,0,0,0,0,2017,1.0,1424
1897,363262,2017091003,2017-09-10 00:00:00,01:27,87.0,87.0,1887.0,Half1,0,2,CLE,PIT,PIT,away,CLE,CLE,9.0,11,0,2.0,1.0,CLE 9,9,87,(1:27) (Shotgun) L.Bell right guard to CLE 4 for 5 yards (B.Boddy-Calhoun).,run,5.0,,,,,,,,,7,6,6.0,7.0,0.0,0.0,0.0,0.0,0.0,0.0,0.0,0.0,0.0,0.0,2017-09-10 13:00:00,0 days 01:25:39.000000000,2017-09-10 14:25:39,2017-09-10 14:00:00,1031.4,Cleveland,7.9,Kentucky bluegrass,44.0,0.0,Open,CLE,20.6,2017-09-10 14:00:00,2017-09-10 18:00:00,80.0,11.2,PIT @ CLE 2017-09-10,0,0,0,0,0,0,0,0,0,H,0,0,0,0,0,0,0,0,0,0,0,0,0,0,0,0,0,0,A,0,0,0,0,0,2017,1.0,1511
1918,363263,2017091003,2017-09-10 00:00:00,00:49,49.0,49.0,1849.0,Half1,0,2,CLE,PIT,PIT,away,CLE,CLE,4.0,11,1,3.0,1.0,CLE 4,4,91,"(:49) (Shotgun) B.Roethlisberger pass short middle to J.James for 4 yards, TOUCHDOWN.",pass,4.0,short,4.0,0.0,,,,,PIT,7,12,6.0,7.0,0.0,1.0,1.0,0.0,0.0,0.0,0.0,0.0,0.0,1.0,2017-09-10 13:00:00,0 days 01:27:33.000000000,2017-09-10 14:27:33,2017-09-10 14:00:00,1031.4,Cleveland,7.9,Kentucky bluegrass,44.0,0.0,Open,CLE,20.6,2017-09-10 14:00:00,2017-09-10 18:00:00,80.0,11.2,PIT @ CLE 2017-09-10,0,0,0,0,0,0,0,0,0,H,0,0,0,0,0,0,0,0,0,0,0,0,0,0,0,0,0,0,A,0,0,0,0,0,2017,1.0,1602
1938,363264,2017091003,2017-09-10 00:00:00,00:45,45.0,45.0,1845.0,Half1,0,2,CLE,PIT,PIT,away,CLE,CLE,15.0,11,1,,0.0,CLE 15,0,91,"C.Boswell extra point is GOOD, Center-K.Canaday, Holder-J.Berry.",extra_point,0.0,,,,,33.0,good,,,7,13,12.0,7.0,0.0,0.0,0.0,0.0,0.0,1.0,0.0,0.0,0.0,0.0,2017-09-10 13:00:00,0 days 01:27:45.000000000,2017-09-10 14:27:45,2017-09-10 14:00:00,1031.4,Cleveland,7.9,Kentucky bluegrass,44.0,0.0,Open,CLE,20.6,2017-09-10 14:00:00,2017-09-10 18:00:00,80.0,11.2,PIT @ CLE 2017-09-10,1,0,0,0,0,0,0,0,0,H,0,0,0,0,0,0,0,0,0,0,0,0,0,0,0,0,0,0,A,0,0,0,0,0,2017,1.0,1693
1954,363265,2017091003,2017-09-10 00:00:00,00:45,45.0,45.0,1845.0,Half1,0,2,CLE,PIT,CLE,home,PIT,PIT,35.0,12,0,,0.0,PIT 35,0,13,C.Boswell kicks 68 yards from PIT 35 to CLE -3. J.Peppers to CLE 11 for 14 yards (L.Fort).,kickoff,0.0,,,,,,,,,7,13,7.0,13.0,0.0,0.0,0.0,0.0,0.0,0.0,0.0,0.0,0.0,0.0,2017-09-10 13:00:00,0 days 01:27:45.000000000,2017-09-10 14:27:45,2017-09-10 14:00:00,1031.4,Cleveland,7.9,Kentucky bluegrass,44.0,0.0,Open,CLE,20.6,2017-09-10 14:00:00,2017-09-10 18:00:00,80.0,11.2,PIT @ CLE 2017-09-10,0,0,0,0,0,0,0,0,0,H,0,0,0,0,0,0,0,0,0,0,0,0,0,0,0,0,0,0,A,0,0,0,0,0,2017,1.0,1706
1976,363266,2017091003,2017-09-10 00:00:00,00:41,41.0,41.0,1841.0,Half1,0,2,CLE,PIT,CLE,home,PIT,CLE,89.0,12,0,1.0,0.0,CLE 11,10,3,(:41) M.Dayes left guard to CLE 14 for 3 yards (T.Watt).,run,3.0,,,,,,,,,7,13,7.0,13.0,0.0,0.0,0.0,0.0,0.0,0.0,0.0,0.0,0.0,0.0,2017-09-10 13:00:00,0 days 01:27:57.000000000,2017-09-10 14:27:57,2017-09-10 14:00:00,1031.4,Cleveland,7.9,Kentucky bluegrass,44.0,0.0,Open,CLE,20.6,2017-09-10 14:00:00,2017-09-10 18:00:00,80.0,11.2,PIT @ CLE 2017-09-10,0,0,0,0,0,0,0,0,0,H,0,0,0,0,0,0,0,0,0,0,0,0,0,0,0,0,0,0,A,0,0,0,0,0,2017,1.0,1709
1997,363267,2017091003,2017-09-10 00:00:00,00:35,35.0,35.0,1835.0,Half1,0,2,CLE,PIT,CLE,home,PIT,CLE,89.0,12,0,,0.0,CLE 11,0,13,Timeout #2 by PIT at 00:35.,no_play,0.0,,,,,,,,,7,13,7.0,13.0,0.0,0.0,0.0,0.0,0.0,0.0,0.0,0.0,0.0,0.0,2017-09-10 13:00:00,0 days 01:28:15.000000000,2017-09-10 14:28:15,2017-09-10 14:00:00,1031.4,Cleveland,7.9,Kentucky bluegrass,44.0,0.0,Open,CLE,20.6,2017-09-10 14:00:00,2017-09-10 18:00:00,80.0,11.2,PIT @ CLE 2017-09-10,0,0,0,0,0,0,0,0,0,H,0,0,0,0,0,0,0,0,0,0,0,0,0,0,0,0,0,0,A,0,0,0,0,0,2017,1.0,1722
2014,363268,2017091003,2017-09-10 00:00:00,00:35,35.0,35.0,1835.0,Half1,0,2,CLE,PIT,CLE,home,PIT,CLE,86.0,12,0,2.0,0.0,CLE 14,7,13,(:35) (Shotgun) D.Kizer pass short right to C.Coleman to CLE 27 for 13 yards (A.Chickillo).,pass,13.0,short,13.0,0.0,,,,,,7,13,7.0,13.0,0.0,0.0,0.0,0.0,0.0,0.0,0.0,0.0,0.0,1.0,2017-09-10 13:00:00,0 days 01:28:15.000000000,2017-09-10 14:28:15,2017-09-10 14:00:00,1031.4,Cleveland,7.9,Kentucky bluegrass,44.0,0.0,Open,CLE,20.6,2017-09-10 14:00:00,2017-09-10 18:00:00,80.0,11.2,PIT @ CLE 2017-09-10,0,0,0,0,0,0,0,0,0,H,0,0,0,0,0,0,0,0,0,0,0,0,0,0,0,0,0,0,A,0,0,0,0,0,2017,1.0,1735
2038,363269,2017091003,2017-09-10 00:00:00,00:29,29.0,29.0,1829.0,Half1,0,2,CLE,PIT,CLE,home,PIT,CLE,73.0,12,0,1.0,0.0,CLE 27,10,13,(:29) (Shotgun) D.Kizer sacked at CLE 24 for -3 yards (J.Haden).,pass,-3.0,,,,,,,,,7,13,7.0,13.0,1.0,0.0,0.0,0.0,0.0,0.0,0.0,0.0,0.0,0.0,2017-09-10 13:00:00,0 days 01:28:33.000000000,2017-09-10 14:28:33,2017-09-10 14:00:00,1031.4,Cleveland,7.9,Kentucky bluegrass,44.0,0.0,Open,CLE,20.6,2017-09-10 14:00:00,2017-09-10 18:00:00,80.0,11.2,PIT @ CLE 2017-09-10,0,0,0,0,0,0,0,0,0,H,0,0,0,0,0,0,0,0,0,0,0,0,0,0,0,0,0,0,A,0,0,0,0,0,2017,1.0,1748
2057,363270,2017091003,2017-09-10 00:00:00,00:00,0.0,0.0,1800.0,Half1,1,2,CLE,PIT,CLE,home,PIT,CLE,,12,0,,,CLE 27,0,13,END QUARTER 2,,0.0,,,,,,,,,7,13,,,,,,,,,,,,,2017-09-10 13:00:00,0 days 01:30:00.000000000,2017-09-10 14:30:00,2017-09-10 14:00:00,1031.4,Cleveland,7.9,Kentucky bluegrass,44.0,0.0,Open,CLE,20.6,2017-09-10 14:00:00,2017-09-10 18:00:00,80.0,11.2,PIT @ CLE 2017-09-10,1,0,0,0,0,0,0,0,0,H,0,0,0,0,0,0,0,0,0,0,0,0,0,0,0,0,0,0,A,0,0,0,0,0,2017,1.0,1761
2078,363271,2017091003,2017-09-10 00:00:00,15:00,900.0,1800.0,1800.0,Half2,0,3,CLE,PIT,PIT,away,CLE,CLE,35.0,13,0,,0.0,CLE 35,0,0,"Z.Gonzalez kicks 65 yards from CLE 35 to end zone, Touchback.",kickoff,0.0,,,,,,,,,7,13,13.0,7.0,0.0,0.0,0.0,0.0,0.0,0.0,0.0,0.0,0.0,0.0,2017-09-10 13:00:00,0 days 01:30:00.000000000,2017-09-10 14:30:00,2017-09-10 14:00:00,1031.4,Cleveland,7.9,Kentucky bluegrass,44.0,0.0,Open,CLE,20.6,2017-09-10 14:00:00,2017-09-10 18:00:00,80.0,11.2,PIT @ CLE 2017-09-10,0,0,0,0,0,0,0,0,0,H,0,0,0,0,0,0,0,0,0,0,0,0,0,0,0,0,0,0,A,0,0,0,0,0,2017,1.0,1761
2093,363272,2017091003,2017-09-10 00:00:00,15:00,900.0,1800.0,1800.0,Half2,0,3,CLE,PIT,PIT,away,CLE,PIT,75.0,13,0,1.0,0.0,PIT 25,10,-8,(15:00) (Shotgun) B.Roethlisberger pass incomplete short right to L.Bell.,pass,0.0,short,2.0,,,,,,,7,13,13.0,7.0,0.0,0.0,0.0,0.0,0.0,0.0,0.0,0.0,0.0,0.0,2017-09-10 13:00:00,0 days 01:30:00.000000000,2017-09-10 14:30:00,2017-09-10 14:00:00,1031.4,Cleveland,7.9,Kentucky bluegrass,44.0,0.0,Open,CLE,20.6,2017-09-10 14:00:00,2017-09-10 18:00:00,80.0,11.2,PIT @ CLE 2017-09-10,0,0,0,0,0,0,0,0,0,H,0,0,0,0,0,0,0,0,0,0,0,0,0,0,0,0,0,0,A,0,0,0,0,0,2017,1.0,1753
2115,363273,2017091003,2017-09-10 00:00:00,14:56,896.0,1796.0,1796.0,Half2,0,3,CLE,PIT,PIT,away,CLE,PIT,75.0,13,0,2.0,0.0,PIT 25,10,-8,(14:56) (Shotgun) B.Roethlisberger sacked at PIT 17 for -8 yards (C.Nassib).,pass,-8.0,,,,,,,,,7,13,13.0,7.0,1.0,0.0,0.0,0.0,0.0,0.0,0.0,0.0,0.0,0.0,2017-09-10 13:00:00,0 days 01:30:12.000000000,2017-09-10 14:30:12,2017-09-10 15:00:00,1030.7,Cleveland,7.2,Kentucky bluegrass,38.0,0.0,Open,CLE,22.2,2017-09-10 15:00:00,2017-09-10 19:00:00,50.0,13.0,PIT @ CLE 2017-09-10,0,0,0,0,0,0,0,0,0,H,0,0,0,0,0,0,0,0,0,0,0,0,0,0,0,0,0,0,A,0,0,0,0,0,2017,1.0,1745
2134,363274,2017091003,2017-09-10 00:00:00,14:12,852.0,1752.0,1752.0,Half2,0,3,CLE,PIT,PIT,away,CLE,PIT,83.0,13,0,3.0,0.0,PIT 17,18,-8,(14:12) (Shotgun) B.Roethlisberger pass incomplete deep left to M.Bryant.,pass,0.0,deep,50.0,,,,,,,7,13,13.0,7.0,0.0,0.0,0.0,0.0,0.0,0.0,0.0,0.0,0.0,0.0,2017-09-10 13:00:00,0 days 01:32:24.000000000,2017-09-10 14:32:24,2017-09-10 15:00:00,1030.7,Cleveland,7.2,Kentucky bluegrass,38.0,0.0,Open,CLE,22.2,2017-09-10 15:00:00,2017-09-10 19:00:00,50.0,13.0,PIT @ CLE 2017-09-10,0,0,0,0,0,0,0,0,0,H,0,0,0,0,0,0,0,0,0,0,0,0,0,0,0,0,0,0,A,0,0,0,0,0,2017,1.0,1737
2156,363275,2017091003,2017-09-10 00:00:00,14:03,843.0,1743.0,1743.0,Half2,0,3,CLE,PIT,PIT,away,CLE,PIT,83.0,13,0,4.0,0.0,PIT 17,18,-8,"(14:03) J.Berry punts 42 yards to CLE 41, Center-K.Canaday. J.Peppers MUFFS catch, and recovers at CLE 41. J.Peppers to CLE 41 for no gain (L.Fort).",punt,0.0,,,,,42.0,,,,7,13,13.0,7.0,0.0,0.0,0.0,0.0,0.0,0.0,0.0,0.0,1.0,0.0,2017-09-10 13:00:00,0 days 01:32:51.000000000,2017-09-10 14:32:51,2017-09-10 15:00:00,1030.7,Cleveland,7.2,Kentucky bluegrass,38.0,0.0,Open,CLE,22.2,2017-09-10 15:00:00,2017-09-10 19:00:00,50.0,13.0,PIT @ CLE 2017-09-10,1,0,0,0,0,0,0,0,0,H,0,0,0,0,0,0,0,0,0,0,0,0,0,0,0,0,0,0,A,0,0,0,0,0,2017,1.0,1729
2195,363276,2017091003,2017-09-10 00:00:00,13:56,836.0,1736.0,1736.0,Half2,0,3,CLE,PIT,CLE,home,PIT,CLE,59.0,14,0,1.0,0.0,CLE 41,10,-9,(13:56) (Shotgun) D.Kizer pass deep right to C.Coleman to PIT 36 for 23 yards (J.Haden).,pass,23.0,deep,23.0,0.0,,,,,,7,13,7.0,13.0,0.0,0.0,0.0,0.0,0.0,0.0,0.0,0.0,0.0,1.0,2017-09-10 13:00:00,0 days 01:33:12.000000000,2017-09-10 14:33:12,2017-09-10 15:00:00,1030.7,Cleveland,7.2,Kentucky bluegrass,38.0,0.0,Open,CLE,22.2,2017-09-10 15:00:00,2017-09-10 19:00:00,50.0,13.0,PIT @ CLE 2017-09-10,0,0,0,0,0,0,0,0,0,H,0,0,0,0,0,0,0,0,0,0,0,0,0,0,0,0,0,0,A,0,0,0,0,0,2017,1.0,1720
2219,363277,2017091003,2017-09-10 00:00:00,13:11,791.0,1691.0,1691.0,Half2,0,3,CLE,PIT,CLE,home,PIT,PIT,36.0,14,0,1.0,0.0,PIT 36,10,42,(13:11) (No Huddle) I.Crowell right guard to PIT 32 for 4 yards (A.Chickillo; J.Haden).,run,4.0,,,,,,,,,7,13,7.0,13.0,0.0,0.0,0.0,0.0,0.0,0.0,0.0,0.0,0.0,0.0,2017-09-10 13:00:00,0 days 01:35:27.000000000,2017-09-10 14:35:27,2017-09-10 15:00:00,1030.7,Cleveland,7.2,Kentucky bluegrass,38.0,0.0,Open,CLE,22.2,2017-09-10 15:00:00,2017-09-10 19:00:00,50.0,13.0,PIT @ CLE 2017-09-10,0,0,0,0,0,0,0,0,0,H,0,0,0,0,0,0,0,0,0,0,0,0,0,0,0,0,0,0,A,0,0,0,0,0,2017,1.0,1762
2240,363278,2017091003,2017-09-10 00:00:00,12:31,751.0,1651.0,1651.0,Half2,0,3,CLE,PIT,CLE,home,PIT,PIT,32.0,14,0,2.0,0.0,PIT 32,6,48,(12:31) (Shotgun) D.Kizer pass short left to S.DeValve to PIT 11 for 21 yards (W.Gay). CLE-D.Johnson was injured during the play. His return is Probable.,pass,21.0,short,2.0,19.0,,,,,,7,13,7.0,13.0,0.0,0.0,0.0,0.0,0.0,0.0,0.0,0.0,0.0,1.0,2017-09-10 13:00:00,0 days 01:37:27.000000000,2017-09-10 14:37:27,2017-09-10 15:00:00,1030.7,Cleveland,7.2,Kentucky bluegrass,38.0,0.0,Open,CLE,22.2,2017-09-10 15:00:00,2017-09-10 19:00:00,50.0,13.0,PIT @ CLE 2017-09-10,0,0,0,0,0,0,0,0,0,H,0,0,0,0,0,0,0,0,0,0,0,0,0,0,0,0,0,0,A,0,0,0,0,0,2017,1.0,1810
2270,363279,2017091003,2017-09-10 00:00:00,11:45,705.0,1605.0,1605.0,Half2,0,3,CLE,PIT,CLE,home,PIT,PIT,11.0,14,0,1.0,0.0,PIT 11,10,50,(11:45) (Shotgun) I.Crowell right guard to PIT 9 for 2 yards (J.Hargrave).,run,2.0,,,,,,,,,7,13,7.0,13.0,0.0,0.0,0.0,0.0,0.0,0.0,0.0,0.0,0.0,0.0,2017-09-10 13:00:00,0 days 01:39:45.000000000,2017-09-10 14:39:45,2017-09-10 15:00:00,1030.7,Cleveland,7.2,Kentucky bluegrass,38.0,0.0,Open,CLE,22.2,2017-09-10 15:00:00,2017-09-10 19:00:00,50.0,13.0,PIT @ CLE 2017-09-10,0,0,0,0,0,0,0,0,0,H,0,0,0,0,0,0,0,0,0,0,0,0,0,0,0,0,0,0,A,0,0,0,0,0,2017,1.0,1860
2291,363280,2017091003,2017-09-10 00:00:00,11:01,661.0,1561.0,1561.0,Half2,0,3,CLE,PIT,CLE,home,PIT,PIT,9.0,14,0,2.0,0.0,PIT 9,8,42,(11:01) (Shotgun) D.Kizer sacked at PIT 17 for -8 yards (T.Watt).,pass,-8.0,,,,,,,,,7,13,7.0,13.0,1.0,0.0,0.0,0.0,0.0,0.0,0.0,0.0,0.0,0.0,2017-09-10 13:00:00,0 days 01:41:57.000000000,2017-09-10 14:41:57,2017-09-10 15:00:00,1030.7,Cleveland,7.2,Kentucky bluegrass,38.0,0.0,Open,CLE,22.2,2017-09-10 15:00:00,2017-09-10 19:00:00,50.0,13.0,PIT @ CLE 2017-09-10,0,0,0,0,0,0,0,0,0,H,0,0,0,0,0,0,0,0,0,0,0,0,0,0,0,0,0,0,A,0,0,0,0,0,2017,1.0,1902
2310,363281,2017091003,2017-09-10 00:00:00,10:17,617.0,1517.0,1517.0,Half2,0,3,CLE,PIT,CLE,home,PIT,PIT,17.0,14,0,3.0,0.0,PIT 17,16,53,(10:17) (Shotgun) D.Kizer scrambles right end to PIT 6 for 11 yards (R.Shazier; T.Alualu).,run,11.0,,,,,,,,,7,13,7.0,13.0,0.0,0.0,0.0,0.0,0.0,0.0,0.0,0.0,0.0,0.0,2017-09-10 13:00:00,0 days 01:44:09.000000000,2017-09-10 14:44:09,2017-09-10 15:00:00,1030.7,Cleveland,7.2,Kentucky bluegrass,38.0,0.0,Open,CLE,22.2,2017-09-10 15:00:00,2017-09-10 19:00:00,50.0,13.0,PIT @ CLE 2017-09-10,0,0,0,0,0,0,0,0,0,H,0,0,0,0,0,0,0,0,0,0,0,0,0,0,0,0,0,0,A,0,0,0,0,0,2017,1.0,1955
2332,363282,2017091003,2017-09-10 00:00:00,09:31,571.0,1471.0,1471.0,Half2,0,3,CLE,PIT,CLE,home,PIT,PIT,6.0,14,1,4.0,0.0,PIT 6,5,53,"(9:31) (Field Goal formation) Z.Gonzalez 24 yard field goal is GOOD, Center-C.Hughlett, Holder-B.Colquitt.",field_goal,0.0,,,,made,24.0,,,,10,13,7.0,13.0,0.0,0.0,0.0,0.0,0.0,0.0,0.0,1.0,0.0,0.0,2017-09-10 13:00:00,0 days 01:46:27.000000000,2017-09-10 14:46:27,2017-09-10 15:00:00,1030.7,Cleveland,7.2,Kentucky bluegrass,38.0,0.0,Open,CLE,22.2,2017-09-10 15:00:00,2017-09-10 19:00:00,50.0,13.0,PIT @ CLE 2017-09-10,1,0,0,0,0,0,0,0,0,H,0,0,0,0,0,0,0,0,0,0,0,0,0,0,0,0,0,0,A,0,0,0,0,0,2017,1.0,2008
2351,363283,2017091003,2017-09-10 00:00:00,09:27,567.0,1467.0,1467.0,Half2,0,3,CLE,PIT,PIT,away,CLE,CLE,35.0,15,0,,0.0,CLE 35,0,0,"Z.Gonzalez kicks 65 yards from CLE 35 to end zone, Touchback.",kickoff,0.0,,,,,,,,,10,13,13.0,10.0,0.0,0.0,0.0,0.0,0.0,0.0,0.0,0.0,0.0,0.0,2017-09-10 13:00:00,0 days 01:46:39.000000000,2017-09-10 14:46:39,2017-09-10 15:00:00,1030.7,Cleveland,7.2,Kentucky bluegrass,38.0,0.0,Open,CLE,22.2,2017-09-10 15:00:00,2017-09-10 19:00:00,50.0,13.0,PIT @ CLE 2017-09-10,0,0,0,0,0,0,0,0,0,H,0,0,0,0,0,0,0,0,0,0,0,0,0,0,0,0,0,0,A,0,0,0,0,0,2017,1.0,2008
2366,363284,2017091003,2017-09-10 00:00:00,09:27,567.0,1467.0,1467.0,Half2,0,3,CLE,PIT,PIT,away,CLE,PIT,75.0,15,0,1.0,0.0,PIT 25,10,14,(9:27) (Shotgun) B.Roethlisberger pass short right to M.Bryant to PIT 39 for 14 yards (J.Taylor).,pass,14.0,short,14.0,0.0,,,,,,10,13,13.0,10.0,0.0,0.0,0.0,0.0,0.0,0.0,0.0,0.0,0.0,1.0,2017-09-10 13:00:00,0 days 01:46:39.000000000,2017-09-10 14:46:39,2017-09-10 15:00:00,1030.7,Cleveland,7.2,Kentucky bluegrass,38.0,0.0,Open,CLE,22.2,2017-09-10 15:00:00,2017-09-10 19:00:00,50.0,13.0,PIT @ CLE 2017-09-10,0,0,0,0,0,0,0,0,0,H,0,0,0,0,0,0,0,0,0,0,0,0,0,0,0,0,0,0,A,0,0,0,0,0,2017,1.0,2022
2390,363285,2017091003,2017-09-10 00:00:00,08:47,527.0,1427.0,1427.0,Half2,0,3,CLE,PIT,PIT,away,CLE,PIT,61.0,15,0,1.0,0.0,PIT 39,10,16,"(8:47) (No Huddle, Shotgun) L.Bell right tackle to PIT 41 for 2 yards (E.Ogbah).",run,2.0,,,,,,,,,10,13,13.0,10.0,0.0,0.0,0.0,0.0,0.0,0.0,0.0,0.0,0.0,0.0,2017-09-10 13:00:00,0 days 01:48:39.000000000,2017-09-10 14:48:39,2017-09-10 15:00:00,1030.7,Cleveland,7.2,Kentucky bluegrass,38.0,0.0,Open,CLE,22.2,2017-09-10 15:00:00,2017-09-10 19:00:00,50.0,13.0,PIT @ CLE 2017-09-10,0,0,0,0,0,0,0,0,0,H,0,0,0,0,0,0,0,0,0,0,0,0,0,0,0,0,0,0,A,0,0,0,0,0,2017,1.0,2038
2411,363286,2017091003,2017-09-10 00:00:00,08:07,487.0,1387.0,1387.0,Half2,0,3,CLE,PIT,PIT,away,CLE,PIT,59.0,15,0,2.0,0.0,PIT 41,8,57,"(8:07) B.Roethlisberger pass incomplete deep right to A.Brown. PENALTY on CLE-J.Taylor, Defensive Pass Interference, 41 yards, enforced at PIT 41 - No Play.",no_play,0.0,,,,,,,,,10,13,13.0,10.0,0.0,0.0,0.0,0.0,0.0,0.0,0.0,0.0,0.0,0.0,2017-09-10 13:00:00,0 days 01:50:39.000000000,2017-09-10 14:50:39,2017-09-10 15:00:00,1030.7,Cleveland,7.2,Kentucky bluegrass,38.0,0.0,Open,CLE,22.2,2017-09-10 15:00:00,2017-09-10 19:00:00,50.0,13.0,PIT @ CLE 2017-09-10,0,0,0,0,0,0,0,0,0,H,0,0,0,0,0,0,0,0,0,0,0,0,0,0,0,0,0,0,A,0,0,0,0,0,2017,1.0,2095
2444,363287,2017091003,2017-09-10 00:00:00,08:02,482.0,1382.0,1382.0,Half2,0,3,CLE,PIT,PIT,away,CLE,CLE,18.0,15,0,1.0,0.0,CLE 18,10,67,(8:02) (Shotgun) B.Roethlisberger pass short right to L.Bell to CLE 8 for 10 yards (J.Peppers).,pass,10.0,short,-1.0,11.0,,,,,,10,13,13.0,10.0,0.0,0.0,0.0,0.0,0.0,0.0,0.0,0.0,0.0,1.0,2017-09-10 13:00:00,0 days 01:50:54.000000000,2017-09-10 14:50:54,2017-09-10 15:00:00,1030.7,Cleveland,7.2,Kentucky bluegrass,38.0,0.0,Open,CLE,22.2,2017-09-10 15:00:00,2017-09-10 19:00:00,50.0,13.0,PIT @ CLE 2017-09-10,0,0,0,0,0,0,0,0,0,H,0,0,0,0,0,0,0,0,0,0,0,0,0,0,0,0,0,0,A,0,0,0,0,0,2017,1.0,2162
2468,363288,2017091003,2017-09-10 00:00:00,07:16,436.0,1336.0,1336.0,Half2,0,3,CLE,PIT,PIT,away,CLE,CLE,8.0,15,0,1.0,1.0,CLE 8,8,68,(7:16) (Shotgun) L.Bell right guard to CLE 7 for 1 yard (D.Shelton).,run,1.0,,,,,,,,,10,13,13.0,10.0,0.0,0.0,0.0,0.0,0.0,0.0,0.0,0.0,0.0,0.0,2017-09-10 13:00:00,0 days 01:53:12.000000000,2017-09-10 14:53:12,2017-09-10 15:00:00,1030.7,Cleveland,7.2,Kentucky bluegrass,38.0,0.0,Open,CLE,22.2,2017-09-10 15:00:00,2017-09-10 19:00:00,50.0,13.0,PIT @ CLE 2017-09-10,0,0,0,0,0,0,0,0,0,H,0,0,0,0,0,0,0,0,0,0,0,0,0,0,0,0,0,0,A,0,0,0,0,0,2017,1.0,2230
2489,363289,2017091003,2017-09-10 00:00:00,06:32,392.0,1292.0,1292.0,Half2,0,3,CLE,PIT,PIT,away,CLE,CLE,7.0,15,0,2.0,1.0,CLE 7,7,73,(6:32) (Shotgun) L.Bell right guard to CLE 2 for 5 yards (J.Schobert; J.Collins).,run,5.0,,,,,,,,,10,13,13.0,10.0,0.0,0.0,0.0,0.0,0.0,0.0,0.0,0.0,0.0,0.0,2017-09-10 13:00:00,0 days 01:55:24.000000000,2017-09-10 14:55:24,2017-09-10 15:00:00,1030.7,Cleveland,7.2,Kentucky bluegrass,38.0,0.0,Open,CLE,22.2,2017-09-10 15:00:00,2017-09-10 19:00:00,50.0,13.0,PIT @ CLE 2017-09-10,0,0,0,0,0,0,0,0,0,H,0,0,0,0,0,0,0,0,0,0,0,0,0,0,0,0,0,0,A,0,0,0,0,0,2017,1.0,2303
2510,363290,2017091003,2017-09-10 00:00:00,05:43,343.0,1243.0,1243.0,Half2,0,3,CLE,PIT,PIT,away,CLE,CLE,7.0,15,0,,0.0,CLE 7,0,73,Timeout #1 by PIT at 05:43.,no_play,0.0,,,,,,,,,10,13,13.0,10.0,0.0,0.0,0.0,0.0,0.0,0.0,0.0,0.0,0.0,0.0,2017-09-10 13:00:00,0 days 01:57:51.000000000,2017-09-10 14:57:51,2017-09-10 15:00:00,1030.7,Cleveland,7.2,Kentucky bluegrass,38.0,0.0,Open,CLE,22.2,2017-09-10 15:00:00,2017-09-10 19:00:00,50.0,13.0,PIT @ CLE 2017-09-10,0,0,0,0,0,0,0,0,0,H,0,0,0,0,0,0,0,0,0,0,0,0,0,0,0,0,0,0,A,0,0,0,0,0,2017,1.0,2376
2527,363291,2017091003,2017-09-10 00:00:00,05:43,343.0,1243.0,1243.0,Half2,0,3,CLE,PIT,PIT,away,CLE,CLE,2.0,15,1,3.0,1.0,CLE 2,2,75,"(5:43) (Shotgun) B.Roethlisberger pass short middle to J.James for 2 yards, TOUCHDOWN.",pass,2.0,short,-1.0,3.0,,,,,PIT,10,19,13.0,10.0,0.0,1.0,1.0,0.0,0.0,0.0,0.0,0.0,0.0,1.0,2017-09-10 13:00:00,0 days 01:57:51.000000000,2017-09-10 14:57:51,2017-09-10 15:00:00,1030.7,Cleveland,7.2,Kentucky bluegrass,38.0,0.0,Open,CLE,22.2,2017-09-10 15:00:00,2017-09-10 19:00:00,50.0,13.0,PIT @ CLE 2017-09-10,0,0,0,0,0,0,0,0,0,H,0,0,0,0,0,0,0,0,0,0,0,0,0,0,0,0,0,0,A,0,0,0,0,0,2017,1.0,2451
2547,363292,2017091003,2017-09-10 00:00:00,05:37,337.0,1237.0,1237.0,Half2,0,3,CLE,PIT,PIT,away,CLE,CLE,15.0,15,1,,0.0,CLE 15,0,75,"C.Boswell extra point is GOOD, Center-K.Canaday, Holder-J.Berry.",extra_point,0.0,,,,,33.0,good,,,10,20,19.0,10.0,0.0,0.0,0.0,0.0,0.0,1.0,0.0,0.0,0.0,0.0,2017-09-10 13:00:00,0 days 01:58:09.000000000,2017-09-10 14:58:09,2017-09-10 15:00:00,1030.7,Cleveland,7.2,Kentucky bluegrass,38.0,0.0,Open,CLE,22.2,2017-09-10 15:00:00,2017-09-10 19:00:00,50.0,13.0,PIT @ CLE 2017-09-10,1,0,0,0,0,0,0,0,0,H,0,0,0,0,0,0,0,0,0,0,0,0,0,0,0,0,0,0,A,0,0,0,0,0,2017,1.0,2526
2563,363293,2017091003,2017-09-10 00:00:00,05:37,337.0,1237.0,1237.0,Half2,0,3,CLE,PIT,CLE,home,PIT,PIT,35.0,16,0,,0.0,PIT 35,0,0,"C.Boswell kicks 65 yards from PIT 35 to end zone, Touchback.",kickoff,0.0,,,,,,,,,10,20,10.0,20.0,0.0,0.0,0.0,0.0,0.0,0.0,0.0,0.0,0.0,0.0,2017-09-10 13:00:00,0 days 01:58:09.000000000,2017-09-10 14:58:09,2017-09-10 15:00:00,1030.7,Cleveland,7.2,Kentucky bluegrass,38.0,0.0,Open,CLE,22.2,2017-09-10 15:00:00,2017-09-10 19:00:00,50.0,13.0,PIT @ CLE 2017-09-10,0,0,0,0,0,0,0,0,0,H,0,0,0,0,0,0,0,0,0,0,0,0,0,0,0,0,0,0,A,0,0,0,0,0,2017,1.0,2526
2578,363294,2017091003,2017-09-10 00:00:00,05:37,337.0,1237.0,1237.0,Half2,0,3,CLE,PIT,CLE,home,PIT,CLE,75.0,16,0,1.0,0.0,CLE 25,10,-5,(5:37) (Shotgun) D.Kizer pass short left to C.Coleman to CLE 20 for -5 yards (T.Watt; R.Shazier).,pass,-5.0,short,-4.0,-1.0,,,,,,10,20,10.0,20.0,0.0,0.0,0.0,0.0,0.0,0.0,0.0,0.0,0.0,1.0,2017-09-10 13:00:00,0 days 01:58:09.000000000,2017-09-10 14:58:09,2017-09-10 15:00:00,1030.7,Cleveland,7.2,Kentucky bluegrass,38.0,0.0,Open,CLE,22.2,2017-09-10 15:00:00,2017-09-10 19:00:00,50.0,13.0,PIT @ CLE 2017-09-10,0,0,0,0,0,0,0,0,0,H,0,0,0,0,0,0,0,0,0,0,0,0,0,0,0,0,0,0,A,0,0,0,0,0,2017,1.0,2521
2602,363295,2017091003,2017-09-10 00:00:00,05:03,303.0,1203.0,1203.0,Half2,0,3,CLE,PIT,CLE,home,PIT,CLE,80.0,16,0,2.0,0.0,CLE 20,15,-8,(5:03) D.Kizer sacked at CLE 17 for -3 yards (T.Watt).,pass,-3.0,,,,,,,,,10,20,10.0,20.0,1.0,0.0,0.0,0.0,0.0,0.0,0.0,0.0,0.0,0.0,2017-09-10 13:00:00,0 days 01:59:51.000000000,2017-09-10 14:59:51,2017-09-10 15:00:00,1030.7,Cleveland,7.2,Kentucky bluegrass,38.0,0.0,Open,CLE,22.2,2017-09-10 15:00:00,2017-09-10 19:00:00,50.0,13.0,PIT @ CLE 2017-09-10,0,0,0,0,0,0,0,0,0,H,0,0,0,0,0,0,0,0,0,0,0,0,0,0,0,0,0,0,A,0,0,0,0,0,2017,1.0,2513
2621,363296,2017091003,2017-09-10 00:00:00,04:16,256.0,1156.0,1156.0,Half2,0,3,CLE,PIT,CLE,home,PIT,CLE,83.0,16,0,3.0,0.0,CLE 17,18,25,"(4:16) (Shotgun) D.Kizer pass incomplete short left to R.Louis (W.Gay). PENALTY on PIT-W.Gay, Unnecessary Roughness, 15 yards, enforced at CLE 17 - No Play.",no_play,0.0,,,,,,,,,10,20,10.0,20.0,0.0,0.0,0.0,0.0,0.0,0.0,0.0,0.0,0.0,0.0,2017-09-10 13:00:00,0 days 02:02:12.000000000,2017-09-10 15:02:12,2017-09-10 15:00:00,1030.7,Cleveland,7.2,Kentucky bluegrass,38.0,0.0,Open,CLE,22.2,2017-09-10 15:00:00,2017-09-10 19:00:00,50.0,13.0,PIT @ CLE 2017-09-10,0,0,0,0,0,0,0,0,0,H,0,0,0,0,0,0,0,0,0,0,0,0,0,0,0,0,0,0,A,0,0,0,0,0,2017,1.0,2538
2643,363297,2017091003,2017-09-10 00:00:00,04:08,248.0,1148.0,1148.0,Half2,0,3,CLE,PIT,CLE,home,PIT,CLE,68.0,16,0,1.0,0.0,CLE 32,10,31,"(4:08) D.Kizer pass incomplete deep left to C.Coleman. PENALTY on PIT-A.Burns, Defensive Holding, 5 yards, enforced at CLE 32 - No Play.",no_play,0.0,,,,,,,,,10,20,10.0,20.0,0.0,0.0,0.0,0.0,0.0,0.0,0.0,0.0,0.0,0.0,2017-09-10 13:00:00,0 days 02:02:36.000000000,2017-09-10 15:02:36,2017-09-10 15:00:00,1030.7,Cleveland,7.2,Kentucky bluegrass,38.0,0.0,Open,CLE,22.2,2017-09-10 15:00:00,2017-09-10 19:00:00,50.0,13.0,PIT @ CLE 2017-09-10,0,0,0,0,0,0,0,0,0,H,0,0,0,0,0,0,0,0,0,0,0,0,0,0,0,0,0,0,A,0,0,0,0,0,2017,1.0,2569
2688,363298,2017091003,2017-09-10 00:00:00,04:04,244.0,1144.0,1144.0,Half2,0,3,CLE,PIT,CLE,home,PIT,CLE,63.0,16,0,1.0,0.0,CLE 37,10,25,(4:04) (Shotgun) D.Kizer pass short right to K.Britt to 50 for 13 yards (J.Haden).,pass,13.0,short,13.0,0.0,,,,,,10,20,10.0,20.0,0.0,0.0,0.0,0.0,0.0,0.0,0.0,0.0,0.0,1.0,2017-09-10 13:00:00,0 days 02:02:48.000000000,2017-09-10 15:02:48,2017-09-10 15:00:00,1030.7,Cleveland,7.2,Kentucky bluegrass,38.0,0.0,Open,CLE,22.2,2017-09-10 15:00:00,2017-09-10 19:00:00,50.0,13.0,PIT @ CLE 2017-09-10,0,0,0,0,0,0,0,0,0,H,0,0,0,0,0,0,0,0,0,0,0,0,0,0,0,0,0,0,A,0,0,0,0,0,2017,1.0,2594
2712,363299,2017091003,2017-09-10 00:00:00,03:25,205.0,1105.0,1105.0,Half2,0,3,CLE,PIT,CLE,home,PIT,MID,50.0,16,0,1.0,0.0,MID 50,10,31,"(3:25) (No Huddle, Shotgun) I.Crowell right guard to PIT 44 for 6 yards (V.Williams).",run,6.0,,,,,,,,,10,20,10.0,20.0,0.0,0.0,0.0,0.0,0.0,0.0,0.0,0.0,0.0,0.0,2017-09-10 13:00:00,0 days 02:04:45.000000000,2017-09-10 15:04:45,2017-09-10 15:00:00,1030.7,Cleveland,7.2,Kentucky bluegrass,38.0,0.0,Open,CLE,22.2,2017-09-10 15:00:00,2017-09-10 19:00:00,50.0,13.0,PIT @ CLE 2017-09-10,0,0,0,0,0,0,0,0,0,H,0,0,0,0,0,0,0,0,0,0,0,0,0,0,0,0,0,0,A,0,0,0,0,0,2017,1.0,2625
2733,363300,2017091003,2017-09-10 00:00:00,02:55,175.0,1075.0,1075.0,Half2,0,3,CLE,PIT,CLE,home,PIT,PIT,44.0,16,0,2.0,0.0,PIT 44,4,33,"(2:55) (No Huddle, Shotgun) D.Kizer pass incomplete short left to D.Johnson (W.Gay).",pass,0.0,short,5.0,,,,,,,10,20,10.0,20.0,0.0,0.0,0.0,0.0,0.0,0.0,0.0,0.0,0.0,0.0,2017-09-10 13:00:00,0 days 02:06:15.000000000,2017-09-10 15:06:15,2017-09-10 15:00:00,1030.7,Cleveland,7.2,Kentucky bluegrass,38.0,0.0,Open,CLE,22.2,2017-09-10 15:00:00,2017-09-10 19:00:00,50.0,13.0,PIT @ CLE 2017-09-10,0,0,0,0,0,0,0,0,0,H,0,0,0,0,0,0,0,0,0,0,0,0,0,0,0,0,0,0,A,0,0,0,0,0,2017,1.0,2658
2755,363301,2017091003,2017-09-10 00:00:00,02:53,173.0,1073.0,1073.0,Half2,0,3,CLE,PIT,CLE,home,PIT,PIT,44.0,16,0,3.0,0.0,PIT 44,4,46,(2:53) I.Crowell right end to PIT 42 for 2 yards (R.Shazier). Backwards Pass,run,2.0,,,,,,,,,10,20,10.0,20.0,0.0,0.0,0.0,0.0,0.0,0.0,0.0,0.0,0.0,0.0,2017-09-10 13:00:00,0 days 02:06:21.000000000,2017-09-10 15:06:21,2017-09-10 15:00:00,1030.7,Cleveland,7.2,Kentucky bluegrass,38.0,0.0,Open,CLE,22.2,2017-09-10 15:00:00,2017-09-10 19:00:00,50.0,13.0,PIT @ CLE 2017-09-10,0,0,0,0,0,0,0,0,0,H,0,0,0,0,0,0,0,0,0,0,0,0,0,0,0,0,0,0,A,0,0,0,0,0,2017,1.0,2704
2779,363302,2017091003,2017-09-10 00:00:00,02:03,123.0,1023.0,1023.0,Half2,0,3,CLE,PIT,CLE,home,PIT,PIT,44.0,16,0,,0.0,PIT 44,0,33,Timeout #1 by CLE at 02:03.,no_play,0.0,,,,,,,,,10,20,10.0,20.0,0.0,0.0,0.0,0.0,0.0,0.0,0.0,0.0,0.0,0.0,2017-09-10 13:00:00,0 days 02:08:51.000000000,2017-09-10 15:08:51,2017-09-10 15:00:00,1030.7,Cleveland,7.2,Kentucky bluegrass,38.0,0.0,Open,CLE,22.2,2017-09-10 15:00:00,2017-09-10 19:00:00,50.0,13.0,PIT @ CLE 2017-09-10,0,0,0,0,0,0,0,0,0,H,0,0,0,0,0,0,0,0,0,0,0,0,0,0,0,0,0,0,A,0,0,0,0,0,2017,1.0,2737
2796,363303,2017091003,2017-09-10 00:00:00,02:03,123.0,1023.0,1023.0,Half2,0,3,CLE,PIT,CLE,home,PIT,PIT,42.0,16,0,4.0,0.0,PIT 42,2,39,(2:03) (Shotgun) D.Kizer pass short left to S.DeValve to PIT 36 for 6 yards (W.Gay).,pass,6.0,short,2.0,4.0,,,,,,10,20,10.0,20.0,0.0,0.0,0.0,0.0,0.0,0.0,0.0,0.0,0.0,1.0,2017-09-10 13:00:00,0 days 02:08:51.000000000,2017-09-10 15:08:51,2017-09-10 15:00:00,1030.7,Cleveland,7.2,Kentucky bluegrass,38.0,0.0,Open,CLE,22.2,2017-09-10 15:00:00,2017-09-10 19:00:00,50.0,13.0,PIT @ CLE 2017-09-10,0,0,0,0,0,0,0,0,0,H,0,0,0,0,0,0,0,0,0,0,0,0,0,0,0,0,0,0,A,0,0,0,0,0,2017,1.0,2776
2820,363304,2017091003,2017-09-10 00:00:00,01:40,100.0,1000.0,1000.0,Half2,0,3,CLE,PIT,CLE,home,PIT,PIT,36.0,16,0,1.0,0.0,PIT 36,10,46,"(1:40) (No Huddle) D.Kizer sacked at PIT 44 for -8 yards (A.Chickillo). PENALTY on PIT-T.Watt, Unnecessary Roughness, 15 yards, enforced at PIT 44.",pass,-8.0,,,,,,,,,10,20,10.0,20.0,1.0,0.0,0.0,0.0,0.0,0.0,0.0,0.0,0.0,0.0,2017-09-10 13:00:00,0 days 02:10:00.000000000,2017-09-10 15:10:00,2017-09-10 15:00:00,1030.7,Cleveland,7.2,Kentucky bluegrass,38.0,0.0,Open,CLE,22.2,2017-09-10 15:00:00,2017-09-10 19:00:00,50.0,13.0,PIT @ CLE 2017-09-10,0,0,0,0,0,0,0,0,0,H,0,0,0,0,0,0,0,0,0,0,0,0,0,0,0,0,0,0,A,0,0,0,0,0,2017,1.0,2822
2851,363305,2017091003,2017-09-10 00:00:00,01:24,84.0,984.0,984.0,Half2,0,3,CLE,PIT,CLE,home,PIT,PIT,29.0,16,0,1.0,0.0,PIT 29,10,46,(1:24) D.Kizer pass short left intended for K.Williams INTERCEPTED by T.Watt at PIT 17. T.Watt to PIT 34 for 17 yards (J.Bitonio).,pass,0.0,short,12.0,,,,,,,10,20,10.0,20.0,0.0,0.0,0.0,0.0,0.0,0.0,0.0,0.0,0.0,0.0,2017-09-10 13:00:00,0 days 02:10:48.000000000,2017-09-10 15:10:48,2017-09-10 15:00:00,1030.7,Cleveland,7.2,Kentucky bluegrass,38.0,0.0,Open,CLE,22.2,2017-09-10 15:00:00,2017-09-10 19:00:00,50.0,13.0,PIT @ CLE 2017-09-10,1,0,0,0,0,0,0,0,0,H,0,0,0,0,0,0,0,0,0,0,0,0,0,0,0,0,0,0,A,0,0,0,0,0,2017,1.0,2868
2891,363306,2017091003,2017-09-10 00:00:00,01:13,73.0,973.0,973.0,Half2,0,3,CLE,PIT,PIT,away,CLE,PIT,66.0,17,0,1.0,0.0,PIT 34,10,2,(1:13) (Shotgun) B.Roethlisberger pass short left to J.James to PIT 36 for 2 yards (J.McCourty).,pass,2.0,short,2.0,0.0,,,,,,10,20,20.0,10.0,0.0,0.0,0.0,0.0,0.0,0.0,0.0,0.0,0.0,1.0,2017-09-10 13:00:00,0 days 02:11:21.000000000,2017-09-10 15:11:21,2017-09-10 15:00:00,1030.7,Cleveland,7.2,Kentucky bluegrass,38.0,0.0,Open,CLE,22.2,2017-09-10 15:00:00,2017-09-10 19:00:00,50.0,13.0,PIT @ CLE 2017-09-10,0,0,0,0,0,0,0,0,0,H,0,0,0,0,0,0,0,0,0,0,0,0,0,0,0,0,0,0,A,0,0,0,0,0,2017,1.0,2870
2915,363307,2017091003,2017-09-10 00:00:00,00:33,33.0,933.0,933.0,Half2,0,3,CLE,PIT,PIT,away,CLE,PIT,64.0,17,0,2.0,0.0,PIT 36,8,7,(:33) (Shotgun) J.Conner left guard to PIT 41 for 5 yards (L.Ogunjobi).,run,5.0,,,,,,,,,10,20,20.0,10.0,0.0,0.0,0.0,0.0,0.0,0.0,0.0,0.0,0.0,0.0,2017-09-10 13:00:00,0 days 02:13:21.000000000,2017-09-10 15:13:21,2017-09-10 15:00:00,1030.7,Cleveland,7.2,Kentucky bluegrass,38.0,0.0,Open,CLE,22.2,2017-09-10 15:00:00,2017-09-10 19:00:00,50.0,13.0,PIT @ CLE 2017-09-10,0,0,0,0,0,0,0,0,0,H,0,0,0,0,0,0,0,0,0,0,0,0,0,0,0,0,0,0,A,0,0,0,0,0,2017,1.0,2877
2936,363308,2017091003,2017-09-10 00:00:00,00:00,0.0,900.0,900.0,Half2,1,3,CLE,PIT,PIT,away,CLE,PIT,,17,0,,,PIT 36,0,7,END QUARTER 3,,0.0,,,,,,,,,10,20,,,,,,,,,,,,,2017-09-10 13:00:00,0 days 02:15:00.000000000,2017-09-10 15:15:00,2017-09-10 15:00:00,1030.7,Cleveland,7.2,Kentucky bluegrass,38.0,0.0,Open,CLE,22.2,2017-09-10 15:00:00,2017-09-10 19:00:00,50.0,13.0,PIT @ CLE 2017-09-10,0,0,0,0,0,0,0,0,0,H,0,0,0,0,0,0,0,0,0,0,0,0,0,0,0,0,0,0,A,0,0,0,0,0,2017,1.0,2884
2958,363309,2017091003,2017-09-10 00:00:00,15:00,900.0,900.0,900.0,Half2,0,4,CLE,PIT,PIT,away,CLE,PIT,59.0,17,0,3.0,0.0,PIT 41,3,16,(15:00) (Shotgun) B.Roethlisberger pass short left to A.Brown to 50 for 9 yards (J.Schobert).,pass,9.0,short,6.0,3.0,,,,,,10,20,20.0,10.0,0.0,0.0,0.0,0.0,0.0,0.0,0.0,0.0,0.0,1.0,2017-09-10 13:00:00,0 days 02:15:00.000000000,2017-09-10 15:15:00,2017-09-10 15:00:00,1030.7,Cleveland,7.2,Kentucky bluegrass,38.0,0.0,Open,CLE,22.2,2017-09-10 15:00:00,2017-09-10 19:00:00,50.0,13.0,PIT @ CLE 2017-09-10,0,0,0,0,0,0,0,0,0,H,0,0,0,0,0,0,0,0,0,0,0,0,0,0,0,0,0,0,A,0,0,0,0,0,2017,1.0,2900
2982,363310,2017091003,2017-09-10 00:00:00,14:30,870.0,870.0,870.0,Half2,0,4,CLE,PIT,PIT,away,CLE,MID,50.0,17,0,1.0,0.0,MID 50,10,20,(14:30) (Shotgun) J.Conner left guard to CLE 46 for 4 yards (J.Schobert; J.McCourty).,run,4.0,,,,,,,,,10,20,20.0,10.0,0.0,0.0,0.0,0.0,0.0,0.0,0.0,0.0,0.0,0.0,2017-09-10 13:00:00,0 days 02:16:30.000000000,2017-09-10 15:16:30,2017-09-10 15:00:00,1030.7,Cleveland,7.2,Kentucky bluegrass,38.0,0.0,Open,CLE,22.2,2017-09-10 15:00:00,2017-09-10 19:00:00,50.0,13.0,PIT @ CLE 2017-09-10,0,0,0,0,0,0,0,0,0,H,0,0,0,0,0,0,0,0,0,0,0,0,0,0,0,0,0,0,A,0,0,0,0,0,2017,1.0,2920
3003,363311,2017091003,2017-09-10 00:00:00,13:49,829.0,829.0,829.0,Half2,0,4,CLE,PIT,PIT,away,CLE,CLE,46.0,17,0,2.0,0.0,CLE 46,6,36,(13:49) (Shotgun) B.Roethlisberger pass short left to A.Brown to CLE 30 for 16 yards (J.Peppers).,pass,16.0,short,15.0,1.0,,,,,,10,20,20.0,10.0,0.0,0.0,0.0,0.0,0.0,0.0,0.0,0.0,0.0,1.0,2017-09-10 13:00:00,0 days 02:18:33.000000000,2017-09-10 15:18:33,2017-09-10 15:00:00,1030.7,Cleveland,7.2,Kentucky bluegrass,38.0,0.0,Open,CLE,22.2,2017-09-10 15:00:00,2017-09-10 19:00:00,50.0,13.0,PIT @ CLE 2017-09-10,0,0,0,0,0,0,0,0,0,H,0,0,0,0,0,0,0,0,0,0,0,0,0,0,0,0,0,0,A,0,0,0,0,0,2017,1.0,2956
3027,363312,2017091003,2017-09-10 00:00:00,13:06,786.0,786.0,786.0,Half2,0,4,CLE,PIT,PIT,away,CLE,CLE,30.0,17,0,1.0,0.0,CLE 30,10,37,(13:06) (Shotgun) J.Conner right guard to CLE 29 for 1 yard (C.Kirksey; J.Schobert).,run,1.0,,,,,,,,,10,20,20.0,10.0,0.0,0.0,0.0,0.0,0.0,0.0,0.0,0.0,0.0,0.0,2017-09-10 13:00:00,0 days 02:20:42.000000000,2017-09-10 15:20:42,2017-09-10 15:00:00,1030.7,Cleveland,7.2,Kentucky bluegrass,38.0,0.0,Open,CLE,22.2,2017-09-10 15:00:00,2017-09-10 19:00:00,50.0,13.0,PIT @ CLE 2017-09-10,0,0,0,0,0,0,0,0,0,H,0,0,0,0,0,0,0,0,0,0,0,0,0,0,0,0,0,0,A,0,0,0,0,0,2017,1.0,2993
3048,363313,2017091003,2017-09-10 00:00:00,12:23,743.0,743.0,743.0,Half2,0,4,CLE,PIT,PIT,away,CLE,CLE,29.0,17,0,2.0,0.0,CLE 29,9,37,(12:23) (Shotgun) B.Roethlisberger pass incomplete short middle to E.Rogers (E.Ogbah).,pass,0.0,short,0.0,,,,,,,10,20,20.0,10.0,0.0,0.0,0.0,0.0,0.0,0.0,0.0,0.0,0.0,0.0,2017-09-10 13:00:00,0 days 02:22:51.000000000,2017-09-10 15:22:51,2017-09-10 15:00:00,1030.7,Cleveland,7.2,Kentucky bluegrass,38.0,0.0,Open,CLE,22.2,2017-09-10 15:00:00,2017-09-10 19:00:00,50.0,13.0,PIT @ CLE 2017-09-10,0,0,0,0,0,0,0,0,0,H,0,0,0,0,0,0,0,0,0,0,0,0,0,0,0,0,0,0,A,0,0,0,0,0,2017,1.0,3030
3070,363314,2017091003,2017-09-10 00:00:00,12:18,738.0,738.0,738.0,Half2,0,4,CLE,PIT,PIT,away,CLE,CLE,29.0,17,0,3.0,0.0,CLE 29,9,37,(12:18) (Shotgun) B.Roethlisberger pass deep middle intended for M.Bryant INTERCEPTED by D.Kindred (B.Boddy-Calhoun) at CLE 1. D.Kindred to CLE 31 for 30 yards (J.Smith-Schuster).,pass,0.0,deep,28.0,,,,,,,10,20,20.0,10.0,0.0,0.0,0.0,0.0,0.0,0.0,0.0,0.0,0.0,0.0,2017-09-10 13:00:00,0 days 02:23:06.000000000,2017-09-10 15:23:06,2017-09-10 15:00:00,1030.7,Cleveland,7.2,Kentucky bluegrass,38.0,0.0,Open,CLE,22.2,2017-09-10 15:00:00,2017-09-10 19:00:00,50.0,13.0,PIT @ CLE 2017-09-10,1,0,0,0,0,0,0,0,0,H,0,0,0,0,0,0,0,0,0,0,0,0,0,0,0,0,0,0,A,0,0,0,0,0,2017,1.0,3067
3096,363315,2017091003,2017-09-10 00:00:00,12:05,725.0,725.0,725.0,Half2,0,4,CLE,PIT,CLE,home,PIT,CLE,69.0,18,0,1.0,0.0,CLE 31,10,-9,(12:05) (Shotgun) D.Kizer sacked at CLE 22 for -9 yards (J.Hargrave).,pass,-9.0,,,,,,,,,10,20,10.0,20.0,1.0,0.0,0.0,0.0,0.0,0.0,0.0,0.0,0.0,0.0,2017-09-10 13:00:00,0 days 02:23:45.000000000,2017-09-10 15:23:45,2017-09-10 15:00:00,1030.7,Cleveland,7.2,Kentucky bluegrass,38.0,0.0,Open,CLE,22.2,2017-09-10 15:00:00,2017-09-10 19:00:00,50.0,13.0,PIT @ CLE 2017-09-10,0,0,0,0,0,0,0,0,0,H,0,0,0,0,0,0,0,0,0,0,0,0,0,0,0,0,0,0,A,0,0,0,0,0,2017,1.0,3058
3115,363316,2017091003,2017-09-10 00:00:00,11:30,690.0,690.0,690.0,Half2,0,4,CLE,PIT,CLE,home,PIT,CLE,78.0,18,0,2.0,0.0,CLE 22,19,-9,"(11:30) (No Huddle, Shotgun) D.Kizer pass incomplete deep middle to K.Britt.",pass,0.0,deep,18.0,,,,,,,10,20,10.0,20.0,0.0,0.0,0.0,0.0,0.0,0.0,0.0,0.0,0.0,0.0,2017-09-10 13:00:00,0 days 02:25:30.000000000,2017-09-10 15:25:30,2017-09-10 15:00:00,1030.7,Cleveland,7.2,Kentucky bluegrass,38.0,0.0,Open,CLE,22.2,2017-09-10 15:00:00,2017-09-10 19:00:00,50.0,13.0,PIT @ CLE 2017-09-10,0,0,0,0,0,0,0,0,0,H,0,0,0,0,0,0,0,0,0,0,0,0,0,0,0,0,0,0,A,0,0,0,0,0,2017,1.0,3049
3137,363317,2017091003,2017-09-10 00:00:00,11:27,687.0,687.0,687.0,Half2,0,4,CLE,PIT,CLE,home,PIT,CLE,78.0,18,0,3.0,0.0,CLE 22,19,-3,(11:27) (Shotgun) D.Kizer pass short right to S.DeValve to CLE 28 for 6 yards (M.Hilton).,pass,6.0,short,4.0,2.0,,,,,,10,20,10.0,20.0,0.0,0.0,0.0,0.0,0.0,0.0,0.0,0.0,0.0,1.0,2017-09-10 13:00:00,0 days 02:25:39.000000000,2017-09-10 15:25:39,2017-09-10 15:00:00,1030.7,Cleveland,7.2,Kentucky bluegrass,38.0,0.0,Open,CLE,22.2,2017-09-10 15:00:00,2017-09-10 19:00:00,50.0,13.0,PIT @ CLE 2017-09-10,0,0,0,0,0,0,0,0,0,H,0,0,0,0,0,0,0,0,0,0,0,0,0,0,0,0,0,0,A,0,0,0,0,0,2017,1.0,3046
3161,363318,2017091003,2017-09-10 00:00:00,10:47,647.0,647.0,647.0,Half2,0,4,CLE,PIT,CLE,home,PIT,CLE,72.0,18,0,4.0,0.0,CLE 28,13,-3,"(10:47) B.Colquitt punts 61 yards to PIT 11, Center-C.Hughlett. E.Rogers to PIT 24 for 13 yards (M.Dayes).",punt,0.0,,,,,61.0,,,,10,20,10.0,20.0,0.0,0.0,0.0,0.0,0.0,0.0,0.0,0.0,0.0,0.0,2017-09-10 13:00:00,0 days 02:27:39.000000000,2017-09-10 15:27:39,2017-09-10 15:00:00,1030.7,Cleveland,7.2,Kentucky bluegrass,38.0,0.0,Open,CLE,22.2,2017-09-10 15:00:00,2017-09-10 19:00:00,50.0,13.0,PIT @ CLE 2017-09-10,1,0,0,0,0,0,0,0,0,H,0,0,0,0,0,0,0,0,0,0,0,0,0,0,0,0,0,0,A,0,0,0,0,0,2017,1.0,3043
3186,363319,2017091003,2017-09-10 00:00:00,10:35,635.0,635.0,635.0,Half2,0,4,CLE,PIT,PIT,away,CLE,PIT,76.0,19,0,1.0,0.0,PIT 24,10,1,(10:35) L.Bell right guard to PIT 25 for 1 yard (C.Kirksey; L.Ogunjobi).,run,1.0,,,,,,,,,10,20,20.0,10.0,0.0,0.0,0.0,0.0,0.0,0.0,0.0,0.0,0.0,0.0,2017-09-10 13:00:00,0 days 02:28:15.000000000,2017-09-10 15:28:15,2017-09-10 15:00:00,1030.7,Cleveland,7.2,Kentucky bluegrass,38.0,0.0,Open,CLE,22.2,2017-09-10 15:00:00,2017-09-10 19:00:00,50.0,13.0,PIT @ CLE 2017-09-10,0,0,0,0,0,0,0,0,0,H,0,0,0,0,0,0,0,0,0,0,0,0,0,0,0,0,0,0,A,0,0,0,0,0,2017,1.0,3044
3207,363320,2017091003,2017-09-10 00:00:00,09:58,598.0,598.0,598.0,Half2,0,4,CLE,PIT,PIT,away,CLE,PIT,75.0,19,0,2.0,0.0,PIT 25,9,6,(9:58) (Shotgun) B.Roethlisberger pass short right to A.Brown to PIT 30 for 5 yards (J.Taylor).,pass,5.0,short,2.0,3.0,,,,,,10,20,20.0,10.0,0.0,0.0,0.0,0.0,0.0,0.0,0.0,0.0,0.0,1.0,2017-09-10 13:00:00,0 days 02:30:06.000000000,2017-09-10 15:30:06,2017-09-10 16:00:00,1030.3,Cleveland,10.7,Kentucky bluegrass,48.0,0.0,Open,CLE,22.2,2017-09-10 16:00:00,2017-09-10 20:00:00,20.0,20.5,PIT @ CLE 2017-09-10,0,0,0,0,0,0,0,0,0,H,0,0,0,0,0,0,0,0,0,0,0,0,0,0,0,0,0,0,A,0,0,0,0,0,2017,1.0,3050
3235,363321,2017091003,2017-09-10 00:00:00,09:20,560.0,560.0,560.0,Half2,0,4,CLE,PIT,PIT,away,CLE,PIT,70.0,19,0,3.0,0.0,PIT 30,4,18,(9:20) (Shotgun) B.Roethlisberger pass short right to A.Brown to PIT 42 for 12 yards (J.Schobert).,pass,12.0,short,7.0,5.0,,,,,,10,20,20.0,10.0,0.0,0.0,0.0,0.0,0.0,0.0,0.0,0.0,0.0,1.0,2017-09-10 13:00:00,0 days 02:32:00.000000000,2017-09-10 15:32:00,2017-09-10 16:00:00,1030.3,Cleveland,10.7,Kentucky bluegrass,48.0,0.0,Open,CLE,22.2,2017-09-10 16:00:00,2017-09-10 20:00:00,20.0,20.5,PIT @ CLE 2017-09-10,0,0,0,0,0,0,0,0,0,H,0,0,0,0,0,0,0,0,0,0,0,0,0,0,0,0,0,0,A,0,0,0,0,0,2017,1.0,3068
3259,363322,2017091003,2017-09-10 00:00:00,08:37,517.0,517.0,517.0,Half2,0,4,CLE,PIT,PIT,away,CLE,PIT,58.0,19,0,1.0,0.0,PIT 42,10,7,"(8:37) L.Bell right tackle to CLE 46 for 12 yards (J.Peppers). PENALTY on PIT-J.Smith-Schuster, Offensive Holding, 10 yards, enforced at PIT 42 - No Play.",no_play,0.0,,,,,,,,,10,20,20.0,10.0,0.0,0.0,0.0,0.0,0.0,0.0,0.0,0.0,0.0,0.0,2017-09-10 13:00:00,0 days 02:34:09.000000000,2017-09-10 15:34:09,2017-09-10 16:00:00,1030.3,Cleveland,10.7,Kentucky bluegrass,48.0,0.0,Open,CLE,22.2,2017-09-10 16:00:00,2017-09-10 20:00:00,20.0,20.5,PIT @ CLE 2017-09-10,0,0,0,0,0,0,0,0,0,H,0,0,0,0,0,0,0,0,0,0,0,0,0,0,0,0,0,0,A,0,0,0,0,0,2017,1.0,3075
3291,363323,2017091003,2017-09-10 00:00:00,08:09,489.0,489.0,489.0,Half2,0,4,CLE,PIT,PIT,away,CLE,PIT,68.0,19,0,1.0,0.0,PIT 32,20,7,(8:09) (Shotgun) B.Roethlisberger pass short right to L.Bell to PIT 31 for -1 yards (C.Kirksey; J.Taylor).,pass,-1.0,short,-5.0,4.0,,,,,,10,20,20.0,10.0,0.0,0.0,0.0,0.0,0.0,0.0,0.0,0.0,0.0,1.0,2017-09-10 13:00:00,0 days 02:35:33.000000000,2017-09-10 15:35:33,2017-09-10 16:00:00,1030.3,Cleveland,10.7,Kentucky bluegrass,48.0,0.0,Open,CLE,22.2,2017-09-10 16:00:00,2017-09-10 20:00:00,20.0,20.5,PIT @ CLE 2017-09-10,0,0,0,0,0,0,0,0,0,H,0,0,0,0,0,0,0,0,0,0,0,0,0,0,0,0,0,0,A,0,0,0,0,0,2017,1.0,3082
3315,363324,2017091003,2017-09-10 00:00:00,07:26,446.0,446.0,446.0,Half2,0,4,CLE,PIT,PIT,away,CLE,PIT,69.0,19,0,2.0,0.0,PIT 31,21,7,(7:26) (Shotgun) B.Roethlisberger pass incomplete short left to E.Rogers (J.Peppers).,pass,0.0,short,11.0,,,,,,,10,20,20.0,10.0,0.0,0.0,0.0,0.0,0.0,0.0,0.0,0.0,0.0,0.0,2017-09-10 13:00:00,0 days 02:37:42.000000000,2017-09-10 15:37:42,2017-09-10 16:00:00,1030.3,Cleveland,10.7,Kentucky bluegrass,48.0,0.0,Open,CLE,22.2,2017-09-10 16:00:00,2017-09-10 20:00:00,20.0,20.5,PIT @ CLE 2017-09-10,0,0,0,0,0,0,0,0,0,H,0,0,0,0,0,0,0,0,0,0,0,0,0,0,0,0,0,0,A,0,0,0,0,0,2017,1.0,3089
3344,363325,2017091003,2017-09-10 00:00:00,07:20,440.0,440.0,440.0,Half2,0,4,CLE,PIT,PIT,away,CLE,PIT,69.0,19,0,3.0,0.0,PIT 31,21,7,(7:20) (Shotgun) L.Bell left guard to PIT 31 for no gain (J.Collins; J.Schobert).,run,0.0,,,,,,,,,10,20,20.0,10.0,0.0,0.0,0.0,0.0,0.0,0.0,0.0,0.0,0.0,0.0,2017-09-10 13:00:00,0 days 02:38:00.000000000,2017-09-10 15:38:00,2017-09-10 16:00:00,1030.3,Cleveland,10.7,Kentucky bluegrass,48.0,0.0,Open,CLE,22.2,2017-09-10 16:00:00,2017-09-10 20:00:00,20.0,20.5,PIT @ CLE 2017-09-10,0,0,0,0,0,0,0,0,0,H,0,0,0,0,0,0,0,0,0,0,0,0,0,0,0,0,0,0,A,0,0,0,0,0,2017,1.0,3096
3365,363326,2017091003,2017-09-10 00:00:00,06:46,406.0,406.0,406.0,Half2,0,4,CLE,PIT,PIT,away,CLE,PIT,69.0,19,0,4.0,0.0,PIT 31,21,7,"(6:46) J.Berry punts 42 yards to CLE 27, Center-K.Canaday, fair catch by J.Peppers.",punt,0.0,,,,,42.0,,,,10,20,20.0,10.0,0.0,0.0,0.0,0.0,0.0,0.0,0.0,0.0,0.0,0.0,2017-09-10 13:00:00,0 days 02:39:42.000000000,2017-09-10 15:39:42,2017-09-10 16:00:00,1030.3,Cleveland,10.7,Kentucky bluegrass,48.0,0.0,Open,CLE,22.2,2017-09-10 16:00:00,2017-09-10 20:00:00,20.0,20.5,PIT @ CLE 2017-09-10,1,0,0,0,0,0,0,0,0,H,0,0,0,0,0,0,0,0,0,0,0,0,0,0,0,0,0,0,A,0,0,0,0,0,2017,1.0,3103
3384,363327,2017091003,2017-09-10 00:00:00,06:41,401.0,401.0,401.0,Half2,0,4,CLE,PIT,CLE,home,PIT,CLE,73.0,20,0,1.0,0.0,CLE 27,10,2,(6:41) (Shotgun) D.Kizer pass incomplete deep right to D.Johnson.,pass,0.0,deep,46.0,,,,,,,10,20,10.0,20.0,0.0,0.0,0.0,0.0,0.0,0.0,0.0,0.0,0.0,0.0,2017-09-10 13:00:00,0 days 02:39:57.000000000,2017-09-10 15:39:57,2017-09-10 16:00:00,1030.3,Cleveland,10.7,Kentucky bluegrass,48.0,0.0,Open,CLE,22.2,2017-09-10 16:00:00,2017-09-10 20:00:00,20.0,20.5,PIT @ CLE 2017-09-10,0,0,0,0,0,0,0,0,0,H,0,0,0,0,0,0,0,0,0,0,0,0,0,0,0,0,0,0,A,0,0,0,0,0,2017,1.0,3105
3406,363328,2017091003,2017-09-10 00:00:00,06:34,394.0,394.0,394.0,Half2,0,4,CLE,PIT,CLE,home,PIT,CLE,73.0,20,0,2.0,0.0,CLE 27,10,10,(6:34) (Shotgun) D.Kizer pass short left to I.Crowell to CLE 37 for 10 yards (A.Burns).,pass,10.0,short,-5.0,15.0,,,,,,10,20,10.0,20.0,0.0,0.0,0.0,0.0,0.0,0.0,0.0,0.0,0.0,1.0,2017-09-10 13:00:00,0 days 02:40:18.000000000,2017-09-10 15:40:18,2017-09-10 16:00:00,1030.3,Cleveland,10.7,Kentucky bluegrass,48.0,0.0,Open,CLE,22.2,2017-09-10 16:00:00,2017-09-10 20:00:00,20.0,20.5,PIT @ CLE 2017-09-10,0,0,0,0,0,0,0,0,0,H,0,0,0,0,0,0,0,0,0,0,0,0,0,0,0,0,0,0,A,0,0,0,0,0,2017,1.0,3115
3430,363329,2017091003,2017-09-10 00:00:00,06:03,363.0,363.0,363.0,Half2,0,4,CLE,PIT,CLE,home,PIT,CLE,63.0,20,0,1.0,0.0,CLE 37,10,73,(6:03) D.Kizer pass deep right to R.Louis to PIT 34 for 29 yards (M.Mitchell).,pass,29.0,deep,26.0,3.0,,,,,,10,20,10.0,20.0,0.0,0.0,0.0,0.0,0.0,0.0,0.0,0.0,0.0,1.0,2017-09-10 13:00:00,0 days 02:41:51.000000000,2017-09-10 15:41:51,2017-09-10 16:00:00,1030.3,Cleveland,10.7,Kentucky bluegrass,48.0,0.0,Open,CLE,22.2,2017-09-10 16:00:00,2017-09-10 20:00:00,20.0,20.5,PIT @ CLE 2017-09-10,0,0,0,0,0,0,0,0,0,H,0,0,0,0,0,0,0,0,0,0,0,0,0,0,0,0,0,0,A,0,0,0,0,0,2017,1.0,3188
3454,363330,2017091003,2017-09-10 00:00:00,05:31,331.0,331.0,331.0,Half2,0,4,CLE,PIT,CLE,home,PIT,PIT,34.0,20,0,1.0,0.0,PIT 34,10,73,"(5:31) (No Huddle, Shotgun) D.Kizer pass short middle to I.Crowell to PIT 11 for 23 yards (J.Wilcox).",pass,23.0,short,3.0,20.0,,,,,,10,20,10.0,20.0,0.0,0.0,0.0,0.0,0.0,0.0,0.0,0.0,0.0,1.0,2017-09-10 13:00:00,0 days 02:43:27.000000000,2017-09-10 15:43:27,2017-09-10 16:00:00,1030.3,Cleveland,10.7,Kentucky bluegrass,48.0,0.0,Open,CLE,22.2,2017-09-10 16:00:00,2017-09-10 20:00:00,20.0,20.5,PIT @ CLE 2017-09-10,0,0,0,0,0,0,0,0,0,H,0,0,0,0,0,0,0,0,0,0,0,0,0,0,0,0,0,0,A,0,0,0,0,0,2017,1.0,3261
3478,363331,2017091003,2017-09-10 00:00:00,04:54,294.0,294.0,294.0,Half2,0,4,CLE,PIT,CLE,home,PIT,PIT,11.0,20,0,1.0,0.0,PIT 11,10,73,(4:54) (Shotgun) M.Dayes left end to PIT 10 for 1 yard (W.Gay).,run,1.0,,,,,,,,,10,20,10.0,20.0,0.0,0.0,0.0,0.0,0.0,0.0,0.0,0.0,0.0,0.0,2017-09-10 13:00:00,0 days 02:45:18.000000000,2017-09-10 15:45:18,2017-09-10 16:00:00,1030.3,Cleveland,10.7,Kentucky bluegrass,48.0,0.0,Open,CLE,22.2,2017-09-10 16:00:00,2017-09-10 20:00:00,20.0,20.5,PIT @ CLE 2017-09-10,0,0,0,0,0,0,0,0,0,H,0,0,0,0,0,0,0,0,0,0,0,0,0,0,0,0,0,0,A,0,0,0,0,0,2017,1.0,3334
3499,363332,2017091003,2017-09-10 00:00:00,04:20,260.0,260.0,260.0,Half2,0,4,CLE,PIT,CLE,home,PIT,PIT,10.0,20,0,2.0,0.0,PIT 10,9,70,(4:20) (Shotgun) D.Kizer pass short left to D.Njoku to PIT 3 for 7 yards (A.Burns; J.Wilcox).,pass,7.0,short,0.0,7.0,,,,,,10,20,10.0,20.0,0.0,0.0,0.0,0.0,0.0,0.0,0.0,0.0,0.0,1.0,2017-09-10 13:00:00,0 days 02:47:00.000000000,2017-09-10 15:47:00,2017-09-10 16:00:00,1030.3,Cleveland,10.7,Kentucky bluegrass,48.0,0.0,Open,CLE,22.2,2017-09-10 16:00:00,2017-09-10 20:00:00,20.0,20.5,PIT @ CLE 2017-09-10,0,0,0,0,0,0,0,0,0,H,0,0,0,0,0,0,0,0,0,0,0,0,0,0,0,0,0,0,A,0,0,0,0,0,2017,1.0,3404
3523,363333,2017091003,2017-09-10 00:00:00,03:46,226.0,226.0,226.0,Half2,0,4,CLE,PIT,CLE,home,PIT,PIT,3.0,20,0,3.0,0.0,PIT 3,2,70,(3:46) (Shotgun) D.Kizer pass incomplete short middle to R.Louis.,pass,0.0,short,3.0,,,,,,,10,20,10.0,20.0,0.0,0.0,0.0,0.0,0.0,0.0,0.0,0.0,0.0,0.0,2017-09-10 13:00:00,0 days 02:48:42.000000000,2017-09-10 15:48:42,2017-09-10 16:00:00,1030.3,Cleveland,10.7,Kentucky bluegrass,48.0,0.0,Open,CLE,22.2,2017-09-10 16:00:00,2017-09-10 20:00:00,20.0,20.5,PIT @ CLE 2017-09-10,0,0,0,0,0,0,0,0,0,H,0,0,0,0,0,0,0,0,0,0,0,0,0,0,0,0,0,0,A,0,0,0,0,0,2017,1.0,3474
3545,363334,2017091003,2017-09-10 00:00:00,03:40,220.0,220.0,220.0,Half2,0,4,CLE,PIT,CLE,home,PIT,PIT,3.0,20,1,4.0,0.0,PIT 3,2,73,"(3:40) (Shotgun) D.Kizer pass short left to C.Coleman for 3 yards, TOUCHDOWN. PIT-J.Wilcox was injured during the play.  PENALTY on PIT-J.Wilcox, Unnecessary Roughness, 15 yards, enforced between downs.",pass,3.0,short,3.0,0.0,,,,,CLE,16,20,10.0,20.0,0.0,1.0,1.0,0.0,0.0,0.0,0.0,0.0,0.0,1.0,2017-09-10 13:00:00,0 days 02:49:00.000000000,2017-09-10 15:49:00,2017-09-10 16:00:00,1030.3,Cleveland,10.7,Kentucky bluegrass,48.0,0.0,Open,CLE,22.2,2017-09-10 16:00:00,2017-09-10 20:00:00,20.0,20.5,PIT @ CLE 2017-09-10,0,0,0,0,0,0,0,0,0,H,0,0,0,0,0,0,0,0,0,0,0,0,0,0,0,0,0,0,A,0,0,0,0,0,2017,1.0,3547
3600,363335,2017091003,2017-09-10 00:00:00,03:36,216.0,216.0,216.0,Half2,0,4,CLE,PIT,CLE,home,PIT,PIT,2.0,20,1,,0.0,PIT 2,0,73,TWO-POINT CONVERSION ATTEMPT. I.Crowell rushes left guard. ATTEMPT SUCCEEDS.,run,2.0,,,,,,,success,,18,20,16.0,20.0,0.0,0.0,0.0,0.0,0.0,0.0,1.0,0.0,0.0,0.0,2017-09-10 13:00:00,0 days 02:49:12.000000000,2017-09-10 15:49:12,2017-09-10 16:00:00,1030.3,Cleveland,10.7,Kentucky bluegrass,48.0,0.0,Open,CLE,22.2,2017-09-10 16:00:00,2017-09-10 20:00:00,20.0,20.5,PIT @ CLE 2017-09-10,1,0,0,0,0,0,0,0,0,H,0,0,0,0,0,0,0,0,0,0,0,0,0,0,0,0,0,0,A,0,0,0,0,0,2017,1.0,3620
3631,363336,2017091003,2017-09-10 00:00:00,03:36,216.0,216.0,216.0,Half2,0,4,CLE,PIT,PIT,away,CLE,MID,50.0,21,0,,0.0,MID 50,0,0,Z.Gonzalez kicks 34 yards from 50 to PIT 16. J.Smith-Schuster to PIT 20 for 4 yards (D.Alexander).,kickoff,0.0,,,,,34.0,,,,18,20,20.0,18.0,0.0,0.0,0.0,0.0,0.0,0.0,0.0,0.0,0.0,0.0,2017-09-10 13:00:00,0 days 02:49:12.000000000,2017-09-10 15:49:12,2017-09-10 16:00:00,1030.3,Cleveland,10.7,Kentucky bluegrass,48.0,0.0,Open,CLE,22.2,2017-09-10 16:00:00,2017-09-10 20:00:00,20.0,20.5,PIT @ CLE 2017-09-10,0,0,0,0,0,0,0,0,0,H,0,0,0,0,0,0,0,0,0,0,0,0,0,0,0,0,0,0,A,0,0,0,0,0,2017,1.0,3620
3655,363337,2017091003,2017-09-10 00:00:00,03:33,213.0,213.0,213.0,Half2,0,4,CLE,PIT,PIT,away,CLE,PIT,80.0,21,0,1.0,0.0,PIT 20,10,-2,(3:33) (Shotgun) B.Roethlisberger pass short right to J.James to PIT 28 for 8 yards (C.Kirksey).,pass,8.0,short,-2.0,10.0,,,,,,18,20,20.0,18.0,0.0,0.0,0.0,0.0,0.0,0.0,0.0,0.0,0.0,1.0,2017-09-10 13:00:00,0 days 02:49:21.000000000,2017-09-10 15:49:21,2017-09-10 16:00:00,1030.3,Cleveland,10.7,Kentucky bluegrass,48.0,0.0,Open,CLE,22.2,2017-09-10 16:00:00,2017-09-10 20:00:00,20.0,20.5,PIT @ CLE 2017-09-10,0,0,0,0,0,0,0,0,0,H,0,0,0,0,0,0,0,0,0,0,0,0,0,0,0,0,0,0,A,0,0,0,0,0,2017,1.0,3618
3679,363338,2017091003,2017-09-10 00:00:00,02:53,173.0,173.0,173.0,Half2,0,4,CLE,PIT,PIT,away,CLE,PIT,72.0,21,0,2.0,0.0,PIT 28,2,-2,"(2:53) L.Bell right tackle to PIT 35 for 7 yards (J.Peppers). PENALTY on PIT-M.Pouncey, Offensive Holding, 10 yards, enforced at PIT 28 - No Play.",no_play,0.0,,,,,,,,,18,20,20.0,18.0,0.0,0.0,0.0,0.0,0.0,0.0,0.0,0.0,0.0,0.0,2017-09-10 13:00:00,0 days 02:51:21.000000000,2017-09-10 15:51:21,2017-09-10 16:00:00,1030.3,Cleveland,10.7,Kentucky bluegrass,48.0,0.0,Open,CLE,22.2,2017-09-10 16:00:00,2017-09-10 20:00:00,20.0,20.5,PIT @ CLE 2017-09-10,0,0,0,0,0,0,0,0,0,H,0,0,0,0,0,0,0,0,0,0,0,0,0,0,0,0,0,0,A,0,0,0,0,0,2017,1.0,3616
3711,363339,2017091003,2017-09-10 00:00:00,02:47,167.0,167.0,167.0,Half2,0,4,CLE,PIT,PIT,away,CLE,PIT,82.0,21,0,2.0,0.0,PIT 18,12,51,"(2:47) (Shotgun) B.Roethlisberger pass deep left to A.Brown to CLE 44 for 38 yards (J.McCourty). Cleveland challenged the pass completion ruling, and the play was Upheld. The ruling on the field stands. (Timeout #2.)",pass,38.0,deep,38.0,0.0,,,,,,18,20,20.0,18.0,0.0,0.0,0.0,0.0,0.0,0.0,0.0,0.0,0.0,1.0,2017-09-10 13:00:00,0 days 02:51:39.000000000,2017-09-10 15:51:39,2017-09-10 16:00:00,1030.3,Cleveland,10.7,Kentucky bluegrass,48.0,0.0,Open,CLE,22.2,2017-09-10 16:00:00,2017-09-10 20:00:00,20.0,20.5,PIT @ CLE 2017-09-10,0,0,0,0,0,0,0,0,0,H,0,0,0,0,0,0,0,0,0,0,0,0,0,0,0,0,0,0,A,0,0,0,0,0,2017,1.0,3667
3735,363340,2017091003,2017-09-10 00:00:00,02:28,148.0,148.0,148.0,Half2,0,4,CLE,PIT,PIT,away,CLE,PIT,82.0,21,0,,0.0,PIT 18,0,51,Timeout #3 by CLE at 02:28.,no_play,0.0,,,,,,,,,18,20,20.0,18.0,0.0,0.0,0.0,0.0,0.0,0.0,0.0,0.0,0.0,0.0,2017-09-10 13:00:00,0 days 02:52:36.000000000,2017-09-10 15:52:36,2017-09-10 16:00:00,1030.3,Cleveland,10.7,Kentucky bluegrass,48.0,0.0,Open,CLE,22.2,2017-09-10 16:00:00,2017-09-10 20:00:00,20.0,20.5,PIT @ CLE 2017-09-10,0,0,0,0,0,0,0,0,0,H,0,0,0,0,0,0,0,0,0,0,0,0,0,0,0,0,0,0,A,0,0,0,0,0,2017,1.0,3718
3752,363341,2017091003,2017-09-10 00:00:00,02:28,148.0,148.0,148.0,Half2,0,4,CLE,PIT,PIT,away,CLE,CLE,44.0,21,0,1.0,0.0,CLE 44,10,51,(2:28) L.Bell right tackle to CLE 29 for 15 yards (D.Kindred; C.Nassib).,run,15.0,,,,,,,,,18,20,20.0,18.0,0.0,0.0,0.0,0.0,0.0,0.0,0.0,0.0,0.0,0.0,2017-09-10 13:00:00,0 days 02:52:36.000000000,2017-09-10 15:52:36,2017-09-10 16:00:00,1030.3,Cleveland,10.7,Kentucky bluegrass,48.0,0.0,Open,CLE,22.2,2017-09-10 16:00:00,2017-09-10 20:00:00,20.0,20.5,PIT @ CLE 2017-09-10,0,0,0,0,0,0,0,0,0,H,0,0,0,0,0,0,0,0,0,0,0,0,0,0,0,0,0,0,A,0,0,0,0,0,2017,1.0,3769
3813,363342,2017091003,2017-09-10 00:00:00,02:00,120.0,120.0,120.0,Half2,0,4,CLE,PIT,PIT,away,CLE,CLE,,21,0,,,CLE 44,0,51,Two-Minute Warning,,0.0,,,,,,,,,18,20,,,,,,,,,,,,,2017-09-10 13:00:00,0 days 02:54:00.000000000,2017-09-10 15:54:00,2017-09-10 16:00:00,1030.3,Cleveland,10.7,Kentucky bluegrass,48.0,0.0,Open,CLE,22.2,2017-09-10 16:00:00,2017-09-10 20:00:00,20.0,20.5,PIT @ CLE 2017-09-10,0,0,0,0,0,0,0,0,0,H,0,0,0,0,0,0,0,0,0,0,0,0,0,0,0,0,0,0,A,0,0,0,0,0,2017,1.0,3820
3830,363343,2017091003,2017-09-10 00:00:00,02:00,120.0,120.0,120.0,Half2,0,4,CLE,PIT,PIT,away,CLE,CLE,29.0,21,0,1.0,0.0,CLE 29,10,44,(2:00) B.Roethlisberger kneels to CLE 33 for -4 yards.,qb_kneel,-4.0,,,,,,,,,18,20,20.0,18.0,0.0,0.0,0.0,0.0,0.0,0.0,0.0,0.0,0.0,0.0,2017-09-10 13:00:00,0 days 02:54:00.000000000,2017-09-10 15:54:00,2017-09-10 16:00:00,1030.3,Cleveland,10.7,Kentucky bluegrass,48.0,0.0,Open,CLE,22.2,2017-09-10 16:00:00,2017-09-10 20:00:00,20.0,20.5,PIT @ CLE 2017-09-10,0,0,0,0,0,0,0,0,0,H,0,0,0,0,0,0,0,0,0,0,0,0,0,0,0,0,0,0,A,0,0,0,0,0,2017,1.0,3864
3851,363344,2017091003,2017-09-10 00:00:00,01:16,76.0,76.0,76.0,Half2,0,4,CLE,PIT,PIT,away,CLE,CLE,33.0,21,0,2.0,0.0,CLE 33,14,44,(1:16) B.Roethlisberger kneels to CLE 36 for -3 yards.,qb_kneel,-3.0,,,,,,,,,18,20,20.0,18.0,0.0,0.0,0.0,0.0,0.0,0.0,0.0,0.0,0.0,0.0,2017-09-10 13:00:00,0 days 02:56:12.000000000,2017-09-10 15:56:12,2017-09-10 16:00:00,1030.3,Cleveland,10.7,Kentucky bluegrass,48.0,0.0,Open,CLE,22.2,2017-09-10 16:00:00,2017-09-10 20:00:00,20.0,20.5,PIT @ CLE 2017-09-10,0,0,0,0,0,0,0,0,0,H,0,0,0,0,0,0,0,0,0,0,0,0,0,0,0,0,0,0,A,0,0,0,0,0,2017,1.0,3908
3872,363345,2017091003,2017-09-10 00:00:00,00:36,36.0,36.0,36.0,Half2,0,4,CLE,PIT,PIT,away,CLE,CLE,36.0,21,0,3.0,0.0,CLE 36,17,43,(:36) B.Roethlisberger kneels to CLE 37 for -1 yards.,qb_kneel,-1.0,,,,,,,,,18,20,20.0,18.0,0.0,0.0,0.0,0.0,0.0,0.0,0.0,0.0,0.0,0.0,2017-09-10 13:00:00,0 days 02:58:12.000000000,2017-09-10 15:58:12,2017-09-10 16:00:00,1030.3,Cleveland,10.7,Kentucky bluegrass,48.0,0.0,Open,CLE,22.2,2017-09-10 16:00:00,2017-09-10 20:00:00,20.0,20.5,PIT @ CLE 2017-09-10,0,0,0,0,0,0,0,0,0,H,0,0,0,0,0,0,0,0,0,0,0,0,0,0,0,0,0,0,A,0,0,0,0,0,2017,1.0,3951
3893,363346,2017091003,2017-09-10 00:00:00,00:00,0.0,0.0,0.0,Half2,1,4,CLE,PIT,PIT,away,CLE,CLE,,21,0,,,CLE 36,0,43,END GAME,,0.0,,,,,,,,,18,20,,,,,,,,,,,,,2017-09-10 13:00:00,0 days 03:00:00.000000000,2017-09-10 16:00:00,2017-09-10 16:00:00,1030.3,Cleveland,10.7,Kentucky bluegrass,48.0,0.0,Open,CLE,22.2,2017-09-10 16:00:00,2017-09-10 20:00:00,20.0,20.5,PIT @ CLE 2017-09-10,1,1,0,0,0,0,0,0,0,H,0,0,0,0,0,0,0,0,0,0,0,0,0,0,0,0,0,0,A,0,0,0,0,0,2017,1.0,3994
